chunk,rows,date_min,date_max,hits,status,hit_thedemocrats,hit_gop,hit_kamalahq,hit_kamalaharris,hit_teamtrump,hit_trumpwarroom,hit_realdonaldtrump
part_1/may_july_chunk_1.csv.gz,50000,2024-06-12,2024-06-12,0,ok,0,0,0,0,0,0,0
part_1/may_july_chunk_2.csv.gz,50000,2024-06-12,2024-06-12,0,ok,0,0,0,0,0,0,0
part_1/may_july_chunk_3.csv.gz,50000,2024-06-12,2024-06-12,0,ok,0,0,0,0,0,0,0
part_1/may_july_chunk_4.csv.gz,50000,2024-06-12,2024-06-12,0,ok,0,0,0,0,0,0,0
part_1/may_july_chunk_5.csv.gz,50000,2024-06-12,2024-06-12,0,ok,0,0,0,0,0,0,0
part_1/may_july_chunk_6.csv.gz,49998,2024-06-12,2024-06-12,0,ok,0,0,0,0,0,0,0
part_1/may_july_chunk_7.csv.gz,49998,2024-06-12,2024-06-12,0,ok,0,0,0,0,0,0,0
part_1/may_july_chunk_8.csv.gz,49998,2024-06-12,2024-06-13,0,ok,0,0,0,0,0,0,0
part_1/may_july_chunk_9.csv.gz,50000,2024-06-13,2024-06-13,0,ok,0,0,0,0,0,0,0
part_1/may_july_chunk_10.csv.gz,50000,2024-06-13,2024-06-13,0,ok,0,0,0,0,0,0,0
part_1/may_july_chunk_11.csv.gz,50000,2024-06-13,2024-06-13,0,ok,0,0,0,0,0,0,0
part_1/may_july_chunk_12.csv.gz,49998,2024-06-13,2024-06-13,0,ok,0,0,0,0,0,0,0
part_1/may_july_chunk_13.csv.gz,50000,2024-06-13,2024-06-13,0,ok,0,0,0,0,0,0,0
part_1/may_july_chunk_14.csv.gz,50000,2024-06-13,2024-06-13,0,ok,0,0,0,0,0,0,0
part_1/may_july_chunk_15.csv.gz,50000,2024-06-13,2024-06-14,0,ok,0,0,0,0,0,0,0
part_1/may_july_chunk_16.csv.gz,49984,2024-06-14,2024-06-14,0,ok,0,0,0,0,0,0,0
part_1/may_july_chunk_17.csv.gz,50000,2024-06-14,2024-06-14,0,ok,0,0,0,0,0,0,0
part_1/may_july_chunk_18.csv.gz,50000,2024-06-14,2024-06-14,0,ok,0,0,0,0,0,0,0
part_1/may_july_chunk_19.csv.gz,50000,2024-06-14,2024-06-14,0,ok,0,0,0,0,0,0,0
part_1/may_july_chunk_20.csv.gz,50000,2024-06-14,2024-06-14,0,ok,0,0,0,0,0,0,0
part_2/may_july_chunk_21.csv.gz,49998,2024-06-14,2024-06-14,0,ok,0,0,0,0,0,0,0
part_2/may_july_chunk_22.csv.gz,50000,2024-06-14,2024-06-15,0,ok,0,0,0,0,0,0,0
part_2/may_july_chunk_23.csv.gz,49994,2024-06-15,2024-06-15,0,ok,0,0,0,0,0,0,0
part_2/may_july_chunk_24.csv.gz,49997,2024-06-15,2024-06-15,0,ok,0,0,0,0,0,0,0
part_2/may_july_chunk_25.csv.gz,50000,2024-06-15,2024-06-15,0,ok,0,0,0,0,0,0,0
part_2/may_july_chunk_26.csv.gz,50000,2024-06-15,2024-06-15,0,ok,0,0,0,0,0,0,0
part_2/may_july_chunk_27.csv.gz,50000,2024-06-15,2024-06-15,0,ok,0,0,0,0,0,0,0
part_2/may_july_chunk_28.csv.gz,49995,2024-06-15,2024-06-16,0,ok,0,0,0,0,0,0,0
part_2/may_july_chunk_29.csv.gz,50000,2024-06-16,2024-06-16,0,ok,0,0,0,0,0,0,0
part_2/may_july_chunk_30.csv.gz,50000,2024-06-16,2024-06-16,0,ok,0,0,0,0,0,0,0
part_2/may_july_chunk_31.csv.gz,49996,2024-06-16,2024-06-16,0,ok,0,0,0,0,0,0,0
part_2/may_july_chunk_32.csv.gz,50000,2024-06-16,2024-06-16,0,ok,0,0,0,0,0,0,0
part_2/may_july_chunk_33.csv.gz,49998,2024-06-16,2024-06-16,0,ok,0,0,0,0,0,0,0
part_2/may_july_chunk_34.csv.gz,50000,2024-06-16,2024-06-17,0,ok,0,0,0,0,0,0,0
part_2/may_july_chunk_35.csv.gz,50000,2024-06-17,2024-06-17,0,ok,0,0,0,0,0,0,0
part_2/may_july_chunk_36.csv.gz,50000,2024-06-17,2024-06-17,0,ok,0,0,0,0,0,0,0
part_2/may_july_chunk_37.csv.gz,50000,2024-06-17,2024-06-17,0,ok,0,0,0,0,0,0,0
part_2/may_july_chunk_38.csv.gz,50000,2024-06-17,2024-06-17,0,ok,0,0,0,0,0,0,0
part_2/may_july_chunk_39.csv.gz,49998,2024-06-17,2024-06-17,0,ok,0,0,0,0,0,0,0
part_2/may_july_chunk_40.csv.gz,49998,2024-06-17,2024-06-21,0,ok,0,0,0,0,0,0,0
part_3/may_july_chunk_41.csv.gz,50000,2024-06-20,2024-06-22,0,ok,0,0,0,0,0,0,0
part_3/may_july_chunk_42.csv.gz,50000,2024-06-20,2024-06-20,0,ok,0,0,0,0,0,0,0
part_3/may_july_chunk_43.csv.gz,50000,2024-06-20,2024-06-20,0,ok,0,0,0,0,0,0,0
part_3/may_july_chunk_44.csv.gz,50000,2024-06-20,2024-06-20,0,ok,0,0,0,0,0,0,0
part_3/may_july_chunk_45.csv.gz,50000,2024-06-20,2024-06-20,0,ok,0,0,0,0,0,0,0
part_3/may_july_chunk_46.csv.gz,50000,2024-06-20,2024-06-20,0,ok,0,0,0,0,0,0,0
part_3/may_july_chunk_47.csv.gz,50000,2024-06-20,2024-06-21,0,ok,0,0,0,0,0,0,0
part_3/may_july_chunk_48.csv.gz,50000,2024-06-21,2024-06-25,0,ok,0,0,0,0,0,0,0
part_3/may_july_chunk_49.csv.gz,50000,2024-06-24,2024-06-25,0,ok,0,0,0,0,0,0,0
part_3/may_july_chunk_50.csv.gz,50000,2024-06-01,2024-06-26,0,ok,0,0,0,0,0,0,0
part_3/may_july_chunk_51.csv.gz,49998,2024-06-01,2024-06-06,0,ok,0,0,0,0,0,0,0
part_3/may_july_chunk_52.csv.gz,50000,2024-06-06,2024-06-06,0,ok,0,0,0,0,0,0,0
part_3/may_july_chunk_53.csv.gz,50000,2024-06-06,2024-06-23,0,ok,0,0,0,0,0,0,0
part_3/may_july_chunk_54.csv.gz,49999,2024-06-10,2024-06-23,0,ok,0,0,0,0,0,0,0
part_3/may_july_chunk_55.csv.gz,50000,2024-06-10,2024-06-10,0,ok,0,0,0,0,0,0,0
part_3/may_july_chunk_56.csv.gz,50000,2024-06-10,2024-06-10,0,ok,0,0,0,0,0,0,0
part_3/may_july_chunk_57.csv.gz,50000,2024-06-10,2024-06-10,0,ok,0,0,0,0,0,0,0
part_3/may_july_chunk_58.csv.gz,50000,2024-06-10,2024-06-10,0,ok,0,0,0,0,0,0,0
part_3/may_july_chunk_59.csv.gz,50000,2024-06-10,2024-06-10,0,ok,0,0,0,0,0,0,0
part_3/may_july_chunk_60.csv.gz,49998,2024-06-10,2024-06-11,0,ok,0,0,0,0,0,0,0
part_4/may_july_chunk_61.csv.gz,50000,2024-06-11,2024-06-11,0,ok,0,0,0,0,0,0,0
part_4/may_july_chunk_62.csv.gz,50000,2024-06-11,2024-06-11,0,ok,0,0,0,0,0,0,0
part_4/may_july_chunk_63.csv.gz,50000,2024-06-11,2024-06-11,0,ok,0,0,0,0,0,0,0
part_4/may_july_chunk_64.csv.gz,50000,2024-06-11,2024-06-11,0,ok,0,0,0,0,0,0,0
part_4/may_july_chunk_65.csv.gz,50000,2024-06-11,2024-06-11,0,ok,0,0,0,0,0,0,0
part_4/may_july_chunk_66.csv.gz,50000,2024-06-11,2024-06-11,0,ok,0,0,0,0,0,0,0
part_4/may_july_chunk_67.csv.gz,50000,2024-06-11,2024-06-11,0,ok,0,0,0,0,0,0,0
part_4/may_july_chunk_68.csv.gz,50000,2024-06-03,2024-06-28,0,ok,0,0,0,0,0,0,0
part_4/may_july_chunk_69.csv.gz,50000,2024-05-31,2024-06-30,0,ok,0,0,0,0,0,0,0
part_4/may_july_chunk_70.csv.gz,49996,1970-01-01,2024-06-30,0,ok,0,0,0,0,0,0,0
part_4/may_july_chunk_71.csv.gz,49999,2024-06-01,2024-06-25,0,ok,0,0,0,0,0,0,0
part_4/may_july_chunk_72.csv.gz,50000,2024-06-18,2024-06-18,0,ok,0,0,0,0,0,0,0
part_4/may_july_chunk_73.csv.gz,50000,2024-06-18,2024-06-18,0,ok,0,0,0,0,0,0,0
part_4/may_july_chunk_74.csv.gz,50000,2024-06-18,2024-06-18,0,ok,0,0,0,0,0,0,0
part_4/may_july_chunk_75.csv.gz,50000,2024-06-18,2024-06-18,0,ok,0,0,0,0,0,0,0
part_4/may_july_chunk_76.csv.gz,50000,2024-06-18,2024-06-18,0,ok,0,0,0,0,0,0,0
part_4/may_july_chunk_77.csv.gz,50000,2024-06-18,2024-06-18,0,ok,0,0,0,0,0,0,0
part_4/may_july_chunk_78.csv.gz,50000,2024-06-18,2024-06-19,0,ok,0,0,0,0,0,0,0
part_4/may_july_chunk_79.csv.gz,50000,2024-06-19,2024-06-19,0,ok,0,0,0,0,0,0,0
part_4/may_july_chunk_80.csv.gz,50000,2024-06-19,2024-06-19,0,ok,0,0,0,0,0,0,0
part_5/may_july_chunk_81.csv.gz,49998,2024-06-19,2024-06-19,0,ok,0,0,0,0,0,0,0
part_5/may_july_chunk_82.csv.gz,50000,2024-06-19,2024-06-19,0,ok,0,0,0,0,0,0,0
part_5/may_july_chunk_83.csv.gz,49998,2024-06-19,2024-06-19,0,ok,0,0,0,0,0,0,0
part_5/may_july_chunk_84.csv.gz,50000,2024-06-10,2024-06-19,0,ok,0,0,0,0,0,0,0
part_5/may_july_chunk_85.csv.gz,50000,2024-06-10,2024-06-12,0,ok,0,0,0,0,0,0,0
part_5/may_july_chunk_86.csv.gz,50000,2024-06-12,2024-06-14,0,ok,0,0,0,0,0,0,0
part_5/may_july_chunk_87.csv.gz,50000,2024-06-14,2024-06-16,0,ok,0,0,0,0,0,0,0
part_5/may_july_chunk_88.csv.gz,50000,2024-06-16,2024-06-18,0,ok,0,0,0,0,0,0,0
part_5/may_july_chunk_89.csv.gz,50000,2024-06-18,2024-06-21,0,ok,0,0,0,0,0,0,0
part_5/may_july_chunk_90.csv.gz,50000,2024-06-21,2024-06-21,0,ok,0,0,0,0,0,0,0
part_5/may_july_chunk_91.csv.gz,50000,2024-06-21,2024-06-21,0,ok,0,0,0,0,0,0,0
part_5/may_july_chunk_92.csv.gz,49996,2024-06-21,2024-06-22,0,ok,0,0,0,0,0,0,0
part_5/may_july_chunk_93.csv.gz,50000,2024-06-22,2024-06-22,0,ok,0,0,0,0,0,0,0
part_5/may_july_chunk_94.csv.gz,50000,2024-06-22,2024-06-22,0,ok,0,0,0,0,0,0,0
part_5/may_july_chunk_95.csv.gz,50000,2024-06-22,2024-06-22,0,ok,0,0,0,0,0,0,0
part_5/may_july_chunk_96.csv.gz,49998,2024-06-22,2024-06-22,0,ok,0,0,0,0,0,0,0
part_5/may_july_chunk_97.csv.gz,49995,2024-06-22,2024-06-27,0,ok,0,0,0,0,0,0,0
part_5/may_july_chunk_98.csv.gz,50000,2024-06-27,2024-06-29,0,ok,0,0,0,0,0,0,0
part_5/may_july_chunk_99.csv.gz,50000,2024-05-31,2024-10-19,0,ok,0,0,0,0,0,0,0
part_5/may_july_chunk_100.csv.gz,50000,2024-10-19,2024-10-22,0,ok,0,0,0,0,0,0,0
part_6/may_july_chunk_101.csv.gz,50000,2024-10-22,2024-10-24,0,ok,0,0,0,0,0,0,0
part_6/may_july_chunk_102.csv.gz,50000,2024-10-18,2024-10-24,0,ok,0,0,0,0,0,0,0
part_6/may_july_chunk_103.csv.gz,50000,2024-10-21,2024-10-23,0,ok,0,0,0,0,0,0,0
part_6/may_july_chunk_104.csv.gz,50000,2024-10-18,2024-10-24,0,ok,0,0,0,0,0,0,0
part_6/may_july_chunk_105.csv.gz,50000,2024-10-18,2024-10-23,0,ok,0,0,0,0,0,0,0
part_6/may_july_chunk_106.csv.gz,50000,2024-10-18,2024-10-24,0,ok,0,0,0,0,0,0,0
part_6/may_july_chunk_107.csv.gz,50000,2024-10-18,2024-10-24,0,ok,0,0,0,0,0,0,0
part_6/may_july_chunk_108.csv.gz,50000,2024-07-13,2024-10-24,0,ok,0,0,0,0,0,0,0
part_6/may_july_chunk_109.csv.gz,50000,2024-07-13,2024-07-20,0,ok,0,0,0,0,0,0,0
part_6/may_july_chunk_110.csv.gz,50000,2024-07-20,2024-07-20,0,ok,0,0,0,0,0,0,0
part_6/may_july_chunk_111.csv.gz,50000,2024-07-13,2024-07-20,0,ok,0,0,0,0,0,0,0
part_6/may_july_chunk_112.csv.gz,50000,2024-07-12,2024-07-13,0,ok,0,0,0,0,0,0,0
part_6/may_july_chunk_113.csv.gz,50000,2024-07-12,2024-07-13,0,ok,0,0,0,0,0,0,0
part_6/may_july_chunk_114.csv.gz,50000,2024-07-13,2024-07-15,0,ok,0,0,0,0,0,0,0
part_6/may_july_chunk_115.csv.gz,50000,2024-07-15,2024-07-15,0,ok,0,0,0,0,0,0,0
part_6/may_july_chunk_116.csv.gz,50000,2024-07-15,2024-07-15,0,ok,0,0,0,0,0,0,0
part_6/may_july_chunk_117.csv.gz,50000,2024-07-15,2024-07-15,0,ok,0,0,0,0,0,0,0
part_6/may_july_chunk_118.csv.gz,50000,2024-07-15,2024-07-15,0,ok,0,0,0,0,0,0,0
part_6/may_july_chunk_119.csv.gz,50000,2024-07-15,2024-07-15,0,ok,0,0,0,0,0,0,0
part_6/may_july_chunk_120.csv.gz,50000,2024-07-15,2024-07-15,0,ok,0,0,0,0,0,0,0
part_7/may_july_chunk_121.csv.gz,50000,2024-07-15,2024-07-15,0,ok,0,0,0,0,0,0,0
part_7/may_july_chunk_122.csv.gz,50000,2024-07-15,2024-07-15,0,ok,0,0,0,0,0,0,0
part_7/may_july_chunk_123.csv.gz,50000,2024-07-15,2024-07-15,0,ok,0,0,0,0,0,0,0
part_7/may_july_chunk_124.csv.gz,50000,2024-07-15,2024-07-15,0,ok,0,0,0,0,0,0,0
part_7/may_july_chunk_125.csv.gz,50000,2024-07-15,2024-07-15,0,ok,0,0,0,0,0,0,0
part_7/may_july_chunk_126.csv.gz,50000,2024-07-15,2024-07-15,0,ok,0,0,0,0,0,0,0
part_7/may_july_chunk_127.csv.gz,50000,2024-07-13,2024-07-15,0,ok,0,0,0,0,0,0,0
part_7/may_july_chunk_128.csv.gz,50000,2024-07-13,2024-07-19,0,ok,0,0,0,0,0,0,0
part_7/may_july_chunk_129.csv.gz,50000,2024-07-19,2024-07-19,0,ok,0,0,0,0,0,0,0
part_7/may_july_chunk_130.csv.gz,50000,2024-07-08,2024-07-19,0,ok,0,0,0,0,0,0,0
part_7/may_july_chunk_131.csv.gz,50000,2024-07-08,2024-07-14,0,ok,0,0,0,0,0,0,0
part_7/may_july_chunk_132.csv.gz,50000,2024-07-14,2024-07-14,0,ok,0,0,0,0,0,0,0
part_7/may_july_chunk_133.csv.gz,50000,2024-07-14,2024-07-14,0,ok,0,0,0,0,0,0,0
part_7/may_july_chunk_134.csv.gz,50000,2024-07-14,2024-07-14,0,ok,0,0,0,0,0,0,0
part_7/may_july_chunk_135.csv.gz,50000,2024-07-14,2024-10-14,0,ok,0,0,0,0,0,0,0
part_7/may_july_chunk_136.csv.gz,50000,2024-10-14,2024-10-15,0,ok,0,0,0,0,0,0,0
part_7/may_july_chunk_137.csv.gz,50000,2024-07-21,2024-10-15,0,ok,0,0,0,0,0,0,0
part_7/may_july_chunk_138.csv.gz,50000,2024-07-21,2024-07-21,0,ok,0,0,0,0,0,0,0
part_7/may_july_chunk_139.csv.gz,50000,2024-07-21,2024-07-21,0,ok,0,0,0,0,0,0,0
part_7/may_july_chunk_140.csv.gz,50000,2024-07-21,2024-07-21,0,ok,0,0,0,0,0,0,0
part_8/may_july_chunk_141.csv.gz,50000,2024-07-21,2024-07-21,0,ok,0,0,0,0,0,0,0
part_8/may_july_chunk_142.csv.gz,50000,2024-07-21,2024-07-21,0,ok,0,0,0,0,0,0,0
part_8/may_july_chunk_143.csv.gz,50000,2024-07-21,2024-07-21,0,ok,0,0,0,0,0,0,0
part_8/may_july_chunk_144.csv.gz,50000,2024-07-21,2024-07-21,0,ok,0,0,0,0,0,0,0
part_8/may_july_chunk_145.csv.gz,50000,2024-07-21,2024-07-21,0,ok,0,0,0,0,0,0,0
part_8/may_july_chunk_146.csv.gz,50000,2024-07-21,2024-07-21,0,ok,0,0,0,0,0,0,0
part_8/may_july_chunk_147.csv.gz,50000,2024-07-21,2024-07-21,0,ok,0,0,0,0,0,0,0
part_8/may_july_chunk_148.csv.gz,50000,2024-07-21,2024-07-21,0,ok,0,0,0,0,0,0,0
part_8/may_july_chunk_149.csv.gz,50000,2024-07-21,2024-07-21,0,ok,0,0,0,0,0,0,0
part_8/may_july_chunk_150.csv.gz,50000,2024-07-21,2024-07-21,0,ok,0,0,0,0,0,0,0
part_8/may_july_chunk_151.csv.gz,50000,2024-07-21,2024-07-21,0,ok,0,0,0,0,0,0,0
part_8/may_july_chunk_152.csv.gz,50000,2024-07-14,2024-07-21,0,ok,0,0,0,0,0,0,0
part_8/may_july_chunk_153.csv.gz,49998,1970-01-01,2024-07-14,0,ok,0,0,0,0,0,0,0
part_8/may_july_chunk_154.csv.gz,50000,2024-07-08,2024-07-08,0,ok,0,0,0,0,0,0,0
part_8/may_july_chunk_155.csv.gz,50000,2024-07-08,2024-07-08,0,ok,0,0,0,0,0,0,0
part_8/may_july_chunk_156.csv.gz,50000,2024-07-08,2024-07-08,0,ok,0,0,0,0,0,0,0
part_8/may_july_chunk_157.csv.gz,50000,2024-07-08,2024-07-08,0,ok,0,0,0,0,0,0,0
part_8/may_july_chunk_158.csv.gz,50000,2024-07-08,2024-07-08,0,ok,0,0,0,0,0,0,0
part_8/may_july_chunk_159.csv.gz,50000,2024-07-08,2024-07-08,0,ok,0,0,0,0,0,0,0
part_8/may_july_chunk_160.csv.gz,50000,2024-07-08,2024-07-08,0,ok,0,0,0,0,0,0,0
part_9/may_july_chunk_161.csv.gz,50000,2024-07-08,2024-07-08,0,ok,0,0,0,0,0,0,0
part_9/may_july_chunk_162.csv.gz,50000,2024-07-08,2024-07-20,0,ok,0,0,0,0,0,0,0
part_9/may_july_chunk_163.csv.gz,50000,2024-07-20,2024-07-20,0,ok,0,0,0,0,0,0,0
part_9/may_july_chunk_164.csv.gz,50000,2024-07-20,2024-07-20,0,ok,0,0,0,0,0,0,0
part_9/may_july_chunk_165.csv.gz,50000,2024-07-20,2024-07-20,0,ok,0,0,0,0,0,0,0
part_9/may_july_chunk_166.csv.gz,50000,2024-07-20,2024-07-20,0,ok,0,0,0,0,0,0,0
part_9/may_july_chunk_167.csv.gz,49999,2024-07-20,2024-07-20,0,ok,0,0,0,0,0,0,0
part_9/may_july_chunk_168.csv.gz,50000,2024-07-20,2024-07-20,0,ok,0,0,0,0,0,0,0
part_9/may_july_chunk_169.csv.gz,50000,2024-07-20,2024-07-20,0,ok,0,0,0,0,0,0,0
part_9/may_july_chunk_170.csv.gz,50000,2024-07-20,2024-07-20,0,ok,0,0,0,0,0,0,0
part_9/may_july_chunk_171.csv.gz,50000,2024-07-20,2024-07-20,0,ok,0,0,0,0,0,0,0
part_9/may_july_chunk_172.csv.gz,50000,2024-07-13,2024-07-21,0,ok,0,0,0,0,0,0,0
part_9/may_july_chunk_173.csv.gz,50000,2024-07-21,2024-07-21,0,ok,0,0,0,0,0,0,0
part_9/may_july_chunk_174.csv.gz,50000,2024-07-21,2024-07-21,0,ok,0,0,0,0,0,0,0
part_9/may_july_chunk_175.csv.gz,50000,2024-07-13,2024-07-21,0,ok,0,0,0,0,0,0,0
part_9/may_july_chunk_176.csv.gz,50000,2024-07-13,2024-07-13,0,ok,0,0,0,0,0,0,0
part_9/may_july_chunk_177.csv.gz,50000,2024-07-13,2024-07-17,0,ok,0,0,0,0,0,0,0
part_9/may_july_chunk_178.csv.gz,50000,2024-07-17,2024-07-17,0,ok,0,0,0,0,0,0,0
part_9/may_july_chunk_179.csv.gz,50000,2024-07-17,2024-07-17,0,ok,0,0,0,0,0,0,0
part_9/may_july_chunk_180.csv.gz,50000,2024-07-17,2024-07-17,0,ok,0,0,0,0,0,0,0
part_10/may_july_chunk_181.csv.gz,50000,2024-07-17,2024-07-17,0,ok,0,0,0,0,0,0,0
part_10/may_july_chunk_182.csv.gz,50000,2024-07-17,2024-07-17,0,ok,0,0,0,0,0,0,0
part_10/may_july_chunk_183.csv.gz,50000,2024-07-17,2024-07-17,0,ok,0,0,0,0,0,0,0
part_10/may_july_chunk_184.csv.gz,50000,2024-07-17,2024-07-17,0,ok,0,0,0,0,0,0,0
part_10/may_july_chunk_185.csv.gz,50000,2024-07-17,2024-07-17,0,ok,0,0,0,0,0,0,0
part_10/may_july_chunk_186.csv.gz,50000,2024-07-17,2024-07-17,0,ok,0,0,0,0,0,0,0
part_10/may_july_chunk_187.csv.gz,50000,2024-07-17,2024-07-17,0,ok,0,0,0,0,0,0,0
part_10/may_july_chunk_188.csv.gz,50000,2024-07-17,2024-07-17,0,ok,0,0,0,0,0,0,0
part_10/may_july_chunk_189.csv.gz,50000,2024-07-17,2024-07-17,0,ok,0,0,0,0,0,0,0
part_10/may_july_chunk_190.csv.gz,50000,2024-07-13,2024-07-17,0,ok,0,0,0,0,0,0,0
part_10/may_july_chunk_191.csv.gz,50000,2024-07-13,2024-07-18,0,ok,0,0,0,0,0,0,0
part_10/may_july_chunk_192.csv.gz,50000,2024-07-18,2024-07-18,0,ok,0,0,0,0,0,0,0
part_10/may_july_chunk_193.csv.gz,50000,2024-07-13,2024-07-18,0,ok,0,0,0,0,0,0,0
part_10/may_july_chunk_194.csv.gz,50000,2024-07-13,2024-10-13,0,ok,0,0,0,0,0,0,0
part_10/may_july_chunk_195.csv.gz,50000,2024-07-13,2024-10-15,0,ok,0,0,0,0,0,0,0
part_10/may_july_chunk_196.csv.gz,50000,2024-07-13,2024-07-14,0,ok,0,0,0,0,0,0,0
part_10/may_july_chunk_197.csv.gz,50000,2024-07-14,2024-07-14,0,ok,0,0,0,0,0,0,0
part_10/may_july_chunk_198.csv.gz,50000,2024-07-11,2024-07-14,0,ok,0,0,0,0,0,0,0
part_10/may_july_chunk_199.csv.gz,50000,2024-07-11,2024-07-11,0,ok,0,0,0,0,0,0,0
part_10/may_july_chunk_200.csv.gz,50000,2024-07-11,2024-07-11,0,ok,0,0,0,0,0,0,0
part_11/may_july_chunk_201.csv.gz,49998,2024-07-11,2024-07-11,0,ok,0,0,0,0,0,0,0
part_11/may_july_chunk_202.csv.gz,50000,2024-07-11,2024-07-11,0,ok,0,0,0,0,0,0,0
part_11/may_july_chunk_203.csv.gz,50000,2024-07-11,2024-07-11,0,ok,0,0,0,0,0,0,0
part_11/may_july_chunk_204.csv.gz,50000,2024-07-11,2024-07-11,0,ok,0,0,0,0,0,0,0
part_11/may_july_chunk_205.csv.gz,49998,2024-07-11,2024-07-11,0,ok,0,0,0,0,0,0,0
part_11/may_july_chunk_206.csv.gz,50000,2024-07-11,2024-07-11,0,ok,0,0,0,0,0,0,0
part_11/may_july_chunk_207.csv.gz,49998,1970-01-01,2024-07-11,0,ok,0,0,0,0,0,0,0
part_11/may_july_chunk_208.csv.gz,49998,2024-07-11,2024-07-11,0,ok,0,0,0,0,0,0,0
part_11/may_july_chunk_209.csv.gz,50000,2024-07-11,2024-07-11,0,ok,0,0,0,0,0,0,0
part_11/may_july_chunk_210.csv.gz,50000,2024-07-11,2024-07-15,0,ok,0,0,0,0,0,0,0
part_11/may_july_chunk_211.csv.gz,50000,2024-07-14,2024-07-15,0,ok,0,0,0,0,0,0,0
part_11/may_july_chunk_212.csv.gz,50000,2024-07-10,2024-07-14,0,ok,0,0,0,0,0,0,0
part_11/may_july_chunk_213.csv.gz,50000,2024-07-10,2024-07-10,0,ok,0,0,0,0,0,0,0
part_11/may_july_chunk_214.csv.gz,50000,2024-07-10,2024-07-10,0,ok,0,0,0,0,0,0,0
part_11/may_july_chunk_215.csv.gz,50000,2024-07-10,2024-07-10,0,ok,0,0,0,0,0,0,0
part_11/may_july_chunk_216.csv.gz,50000,2024-07-10,2024-07-10,0,ok,0,0,0,0,0,0,0
part_11/may_july_chunk_217.csv.gz,50000,2024-07-10,2024-07-10,0,ok,0,0,0,0,0,0,0
part_11/may_july_chunk_218.csv.gz,50000,2024-07-10,2024-07-10,0,ok,0,0,0,0,0,0,0
part_11/may_july_chunk_219.csv.gz,50000,2024-07-10,2024-07-10,0,ok,0,0,0,0,0,0,0
part_11/may_july_chunk_220.csv.gz,50000,2024-07-10,2024-07-10,0,ok,0,0,0,0,0,0,0
part_12/may_july_chunk_221.csv.gz,50000,2024-07-10,2024-07-10,0,ok,0,0,0,0,0,0,0
part_12/may_july_chunk_222.csv.gz,50000,2024-07-10,2024-07-14,0,ok,0,0,0,0,0,0,0
part_12/may_july_chunk_223.csv.gz,50000,2024-07-14,2024-07-14,0,ok,0,0,0,0,0,0,0
part_12/may_july_chunk_224.csv.gz,50000,2024-07-14,2024-10-14,0,ok,0,0,0,0,0,0,0
part_12/may_july_chunk_225.csv.gz,50000,2024-07-14,2024-10-15,0,ok,0,0,0,0,0,0,0
part_12/may_july_chunk_226.csv.gz,50000,2024-07-14,2024-07-14,0,ok,0,0,0,0,0,0,0
part_12/may_july_chunk_227.csv.gz,50000,2024-07-14,2024-07-14,0,ok,0,0,0,0,0,0,0
part_12/may_july_chunk_228.csv.gz,50000,2024-07-13,2024-07-14,0,ok,0,0,0,0,0,0,0
part_12/may_july_chunk_229.csv.gz,50000,2024-07-13,2024-07-13,0,ok,0,0,0,0,0,0,0
part_12/may_july_chunk_230.csv.gz,50000,2024-07-13,2024-07-14,0,ok,0,0,0,0,0,0,0
part_12/may_july_chunk_231.csv.gz,50000,2024-07-13,2024-07-13,0,ok,0,0,0,0,0,0,0
part_12/may_july_chunk_232.csv.gz,49996,1970-01-01,2024-07-13,0,ok,0,0,0,0,0,0,0
part_12/may_july_chunk_233.csv.gz,50000,2024-07-07,2024-07-13,0,ok,0,0,0,0,0,0,0
part_12/may_july_chunk_234.csv.gz,50000,2024-07-07,2024-07-14,0,ok,0,0,0,0,0,0,0
part_12/may_july_chunk_235.csv.gz,50000,2024-07-14,2024-07-14,0,ok,0,0,0,0,0,0,0
part_12/may_july_chunk_236.csv.gz,50000,2024-07-14,2024-07-14,0,ok,0,0,0,0,0,0,0
part_12/may_july_chunk_237.csv.gz,50000,2024-07-14,2024-07-18,0,ok,0,0,0,0,0,0,0
part_12/may_july_chunk_238.csv.gz,50000,2024-07-18,2024-07-18,0,ok,0,0,0,0,0,0,0
part_12/may_july_chunk_239.csv.gz,50000,2024-07-18,2024-07-18,0,ok,0,0,0,0,0,0,0
part_12/may_july_chunk_240.csv.gz,50000,2024-07-18,2024-07-18,0,ok,0,0,0,0,0,0,0
part_13/may_july_chunk_241.csv.gz,50000,2024-07-18,2024-07-18,0,ok,0,0,0,0,0,0,0
part_13/may_july_chunk_242.csv.gz,50000,2024-07-18,2024-07-18,0,ok,0,0,0,0,0,0,0
part_13/may_july_chunk_243.csv.gz,50000,2024-07-18,2024-07-18,0,ok,0,0,0,0,0,0,0
part_13/may_july_chunk_244.csv.gz,50000,2024-07-18,2024-07-18,0,ok,0,0,0,0,0,0,0
part_13/may_july_chunk_245.csv.gz,50000,2024-07-18,2024-07-18,0,ok,0,0,0,0,0,0,0
part_13/may_july_chunk_246.csv.gz,50000,2024-07-18,2024-07-18,0,ok,0,0,0,0,0,0,0
part_13/may_july_chunk_247.csv.gz,49998,2024-07-18,2024-07-18,0,ok,0,0,0,0,0,0,0
part_13/may_july_chunk_248.csv.gz,50000,2024-07-18,2024-07-18,0,ok,0,0,0,0,0,0,0
part_13/may_july_chunk_249.csv.gz,50000,2024-07-18,2024-07-18,0,ok,0,0,0,0,0,0,0
part_13/may_july_chunk_250.csv.gz,50000,2024-07-18,2024-07-18,0,ok,0,0,0,0,0,0,0
part_13/may_july_chunk_251.csv.gz,50000,2024-07-18,2024-07-18,0,ok,0,0,0,0,0,0,0
part_13/may_july_chunk_252.csv.gz,50000,2024-07-18,2024-07-18,0,ok,0,0,0,0,0,0,0
part_13/may_july_chunk_253.csv.gz,49998,2024-07-18,2024-07-18,0,ok,0,0,0,0,0,0,0
part_13/may_july_chunk_254.csv.gz,50000,2024-07-10,2024-07-18,0,ok,0,0,0,0,0,0,0
part_13/may_july_chunk_255.csv.gz,50000,2024-07-10,2024-10-12,0,ok,0,0,0,0,0,0,0
part_13/may_july_chunk_256.csv.gz,50000,2024-07-12,2024-10-13,0,ok,0,0,0,0,0,0,0
part_13/may_july_chunk_257.csv.gz,50000,2024-07-12,2024-07-12,0,ok,0,0,0,0,0,0,0
part_13/may_july_chunk_258.csv.gz,50000,2024-07-12,2024-07-12,0,ok,0,0,0,0,0,0,0
part_13/may_july_chunk_259.csv.gz,50000,2024-07-12,2024-07-12,0,ok,0,0,0,0,0,0,0
part_13/may_july_chunk_260.csv.gz,50000,2024-07-12,2024-07-12,0,ok,0,0,0,0,0,0,0
part_14/may_july_chunk_261.csv.gz,50000,2024-07-12,2024-07-12,0,ok,0,0,0,0,0,0,0
part_14/may_july_chunk_262.csv.gz,50000,2024-07-12,2024-07-12,0,ok,0,0,0,0,0,0,0
part_14/may_july_chunk_263.csv.gz,50000,2024-07-12,2024-07-12,0,ok,0,0,0,0,0,0,0
part_14/may_july_chunk_264.csv.gz,50000,2024-07-12,2024-07-12,0,ok,0,0,0,0,0,0,0
part_14/may_july_chunk_265.csv.gz,50000,2024-07-12,2024-07-12,0,ok,0,0,0,0,0,0,0
part_14/may_july_chunk_266.csv.gz,50000,2024-07-12,2024-07-12,0,ok,0,0,0,0,0,0,0
part_14/may_july_chunk_267.csv.gz,50000,2024-07-12,2024-07-12,0,ok,0,0,0,0,0,0,0
part_14/may_july_chunk_268.csv.gz,50000,2024-07-12,2024-07-14,0,ok,0,0,0,0,0,0,0
part_14/may_july_chunk_269.csv.gz,50000,2024-07-14,2024-07-14,0,ok,0,0,0,0,0,0,0
part_14/may_july_chunk_270.csv.gz,50000,2024-07-13,2024-07-16,0,ok,0,0,0,0,0,0,0
part_14/may_july_chunk_271.csv.gz,50000,2024-07-16,2024-07-16,0,ok,0,0,0,0,0,0,0
part_14/may_july_chunk_272.csv.gz,50000,2024-07-09,2024-07-16,0,ok,0,0,0,0,0,0,0
part_14/may_july_chunk_273.csv.gz,50000,2024-07-09,2024-07-09,0,ok,0,0,0,0,0,0,0
part_14/may_july_chunk_274.csv.gz,50000,2024-07-09,2024-07-09,0,ok,0,0,0,0,0,0,0
part_14/may_july_chunk_275.csv.gz,50000,2024-07-09,2024-07-09,0,ok,0,0,0,0,0,0,0
part_14/may_july_chunk_276.csv.gz,50000,2024-07-09,2024-07-09,0,ok,0,0,0,0,0,0,0
part_14/may_july_chunk_277.csv.gz,50000,2024-07-09,2024-07-09,0,ok,0,0,0,0,0,0,0
part_14/may_july_chunk_278.csv.gz,50000,2024-07-09,2024-07-09,0,ok,0,0,0,0,0,0,0
part_14/may_july_chunk_279.csv.gz,50000,2024-07-09,2024-07-09,0,ok,0,0,0,0,0,0,0
part_14/may_july_chunk_280.csv.gz,50000,2024-07-09,2024-07-09,0,ok,0,0,0,0,0,0,0
part_15/may_july_chunk_281.csv.gz,49996,2024-07-09,2024-07-19,0,ok,0,0,0,0,0,0,0
part_15/may_july_chunk_282.csv.gz,50000,2024-07-19,2024-07-19,0,ok,0,0,0,0,0,0,0
part_15/may_july_chunk_283.csv.gz,50000,2024-07-19,2024-07-19,0,ok,0,0,0,0,0,0,0
part_15/may_july_chunk_284.csv.gz,50000,2024-07-19,2024-07-19,0,ok,0,0,0,0,0,0,0
part_15/may_july_chunk_285.csv.gz,50000,2024-07-19,2024-07-19,0,ok,0,0,0,0,0,0,0
part_15/may_july_chunk_286.csv.gz,50000,2024-07-19,2024-07-19,0,ok,0,0,0,0,0,0,0
part_15/may_july_chunk_287.csv.gz,49998,2024-07-19,2024-07-19,0,ok,0,0,0,0,0,0,0
part_15/may_july_chunk_288.csv.gz,50000,2024-07-19,2024-07-19,0,ok,0,0,0,0,0,0,0
part_15/may_july_chunk_289.csv.gz,50000,2024-07-19,2024-07-19,0,ok,0,0,0,0,0,0,0
part_15/may_july_chunk_290.csv.gz,50000,2024-07-19,2024-07-19,0,ok,0,0,0,0,0,0,0
part_15/may_july_chunk_291.csv.gz,50000,2024-07-19,2024-07-19,0,ok,0,0,0,0,0,0,0
part_15/may_july_chunk_292.csv.gz,50000,2024-07-19,2024-07-19,0,ok,0,0,0,0,0,0,0
part_15/may_july_chunk_293.csv.gz,50000,2024-07-19,2024-07-19,0,ok,0,0,0,0,0,0,0
part_15/may_july_chunk_294.csv.gz,50000,2024-07-19,2024-07-19,0,ok,0,0,0,0,0,0,0
part_15/may_july_chunk_295.csv.gz,50000,2024-07-11,2024-07-19,0,ok,0,0,0,0,0,0,0
part_15/may_july_chunk_296.csv.gz,50000,2024-07-11,2024-07-14,0,ok,0,0,0,0,0,0,0
part_15/may_july_chunk_297.csv.gz,49998,2024-07-14,2024-07-14,0,ok,0,0,0,0,0,0,0
part_15/may_july_chunk_298.csv.gz,50000,2024-07-14,2024-07-14,0,ok,0,0,0,0,0,0,0
part_15/may_july_chunk_299.csv.gz,50000,2024-07-14,2024-10-15,0,ok,0,0,0,0,0,0,0
part_15/may_july_chunk_300.csv.gz,50000,2024-10-15,2024-10-16,0,ok,0,0,0,0,0,0,0
part_16/may_july_chunk_301.csv.gz,50000,2024-07-13,2024-10-16,0,ok,0,0,0,0,0,0,0
part_16/may_july_chunk_302.csv.gz,50000,2024-07-13,2024-07-16,0,ok,0,0,0,0,0,0,0
part_16/may_july_chunk_303.csv.gz,49998,2024-07-16,2024-07-16,0,ok,0,0,0,0,0,0,0
part_16/may_july_chunk_304.csv.gz,50000,2024-07-16,2024-07-16,0,ok,0,0,0,0,0,0,0
part_16/may_july_chunk_305.csv.gz,50000,2024-07-16,2024-07-16,0,ok,0,0,0,0,0,0,0
part_16/may_july_chunk_306.csv.gz,50000,2024-07-16,2024-07-16,0,ok,0,0,0,0,0,0,0
part_16/may_july_chunk_307.csv.gz,50000,2024-07-16,2024-07-16,0,ok,0,0,0,0,0,0,0
part_16/may_july_chunk_308.csv.gz,50000,2024-07-16,2024-07-16,0,ok,0,0,0,0,0,0,0
part_16/may_july_chunk_309.csv.gz,50000,2024-07-16,2024-07-16,0,ok,0,0,0,0,0,0,0
part_16/may_july_chunk_310.csv.gz,50000,2024-07-16,2024-07-16,0,ok,0,0,0,0,0,0,0
part_16/may_july_chunk_311.csv.gz,50000,2024-07-16,2024-07-16,0,ok,0,0,0,0,0,0,0
part_16/may_july_chunk_312.csv.gz,50000,2024-07-16,2024-07-16,0,ok,0,0,0,0,0,0,0
part_16/may_july_chunk_313.csv.gz,50000,2024-07-16,2024-07-16,0,ok,0,0,0,0,0,0,0
part_16/may_july_chunk_314.csv.gz,50000,2024-07-16,2024-07-16,0,ok,0,0,0,0,0,0,0
part_16/may_july_chunk_315.csv.gz,50000,2024-07-07,2024-07-16,0,ok,0,0,0,0,0,0,0
part_16/may_july_chunk_316.csv.gz,49998,2024-07-07,2024-07-07,0,ok,0,0,0,0,0,0,0
part_16/may_july_chunk_317.csv.gz,50000,2024-07-07,2024-07-07,0,ok,0,0,0,0,0,0,0
part_16/may_july_chunk_318.csv.gz,50000,2024-07-07,2024-07-07,0,ok,0,0,0,0,0,0,0
part_16/may_july_chunk_319.csv.gz,50000,2024-07-07,2024-07-07,0,ok,0,0,0,0,0,0,0
part_16/may_july_chunk_320.csv.gz,50000,2024-07-07,2024-07-07,0,ok,0,0,0,0,0,0,0
part_17/may_july_chunk_321.csv.gz,50000,2024-07-07,2024-07-07,0,ok,0,0,0,0,0,0,0
part_17/may_july_chunk_322.csv.gz,50000,2024-07-07,2024-07-07,0,ok,0,0,0,0,0,0,0
part_17/may_july_chunk_323.csv.gz,50000,2024-07-07,2024-07-14,0,ok,0,0,0,0,0,0,0
part_17/may_july_chunk_324.csv.gz,50000,2024-07-09,2024-07-13,0,ok,0,0,0,0,0,0,0
part_17/may_july_chunk_325.csv.gz,50000,2024-07-09,2024-07-17,0,ok,0,0,0,0,0,0,0
part_17/may_july_chunk_326.csv.gz,50000,2024-07-17,2024-07-24,0,ok,0,0,0,0,0,0,0
part_17/may_july_chunk_327.csv.gz,50000,2024-07-23,2024-07-24,0,ok,0,0,0,0,0,0,0
part_17/may_july_chunk_328.csv.gz,50000,2024-07-23,2024-07-23,0,ok,0,0,0,0,0,0,0
part_17/may_july_chunk_329.csv.gz,50000,2024-07-23,2024-07-25,0,ok,0,0,0,0,0,0,0
part_17/may_july_chunk_330.csv.gz,50000,2024-07-24,2024-07-24,0,ok,0,0,0,0,0,0,0
part_17/may_july_chunk_331.csv.gz,50000,2024-07-24,2024-07-24,0,ok,0,0,0,0,0,0,0
part_17/may_july_chunk_332.csv.gz,50000,2024-07-23,2024-07-25,0,ok,0,0,0,0,0,0,0
part_17/may_july_chunk_333.csv.gz,50000,2024-07-25,2024-07-25,0,ok,0,0,0,0,0,0,0
part_17/may_july_chunk_334.csv.gz,50000,2024-07-25,2024-07-26,0,ok,0,0,0,0,0,0,0
part_17/may_july_chunk_335.csv.gz,50000,2024-07-25,2024-07-26,0,ok,0,0,0,0,0,0,0
part_17/may_july_chunk_336.csv.gz,50000,2024-07-07,2024-07-25,0,ok,0,0,0,0,0,0,0
part_17/may_july_chunk_337.csv.gz,50000,2024-07-02,2024-07-07,0,ok,0,0,0,0,0,0,0
part_17/may_july_chunk_338.csv.gz,50000,2024-07-02,2024-07-02,0,ok,0,0,0,0,0,0,0
part_17/may_july_chunk_339.csv.gz,50000,2024-07-02,2024-07-04,0,ok,0,0,0,0,0,0,0
part_17/may_july_chunk_340.csv.gz,50000,2024-07-04,2024-07-04,0,ok,0,0,0,0,0,0,0
part_18/may_july_chunk_341.csv.gz,49998,2024-07-03,2024-07-04,0,ok,0,0,0,0,0,0,0
part_18/may_july_chunk_342.csv.gz,50000,2024-07-03,2024-07-03,0,ok,0,0,0,0,0,0,0
part_18/may_july_chunk_343.csv.gz,50000,2024-07-02,2024-07-03,0,ok,0,0,0,0,0,0,0
part_18/may_july_chunk_344.csv.gz,50000,2024-07-02,2024-07-02,0,ok,0,0,0,0,0,0,0
part_18/may_july_chunk_345.csv.gz,49998,1970-01-01,2024-07-07,0,ok,0,0,0,0,0,0,0
part_18/may_july_chunk_346.csv.gz,50000,2024-07-04,2024-07-07,0,ok,0,0,0,0,0,0,0
part_18/may_july_chunk_347.csv.gz,50000,2024-07-01,2024-07-04,0,ok,0,0,0,0,0,0,0
part_18/may_july_chunk_348.csv.gz,50000,2024-07-01,2024-07-01,0,ok,0,0,0,0,0,0,0
part_18/may_july_chunk_349.csv.gz,50000,2024-07-01,2024-07-01,0,ok,0,0,0,0,0,0,0
part_18/may_july_chunk_350.csv.gz,50000,2024-07-01,2024-07-01,0,ok,0,0,0,0,0,0,0
part_18/may_july_chunk_351.csv.gz,50000,2024-07-01,2024-07-05,0,ok,0,0,0,0,0,0,0
part_18/may_july_chunk_352.csv.gz,50000,2024-07-05,2024-07-05,0,ok,0,0,0,0,0,0,0
part_18/may_july_chunk_353.csv.gz,50000,2024-07-05,2024-07-06,0,ok,0,0,0,0,0,0,0
part_18/may_july_chunk_354.csv.gz,50000,2024-07-05,2024-07-06,0,ok,0,0,0,0,0,0,0
part_18/may_july_chunk_355.csv.gz,50000,2024-07-03,2024-07-05,0,ok,0,0,0,0,0,0,0
part_18/may_july_chunk_356.csv.gz,50000,2024-07-03,2024-07-03,0,ok,0,0,0,0,0,0,0
part_18/may_july_chunk_357.csv.gz,50000,2024-07-03,2024-07-06,0,ok,0,0,0,0,0,0,0
part_18/may_july_chunk_358.csv.gz,50000,2024-07-06,2024-07-06,0,ok,0,0,0,0,0,0,0
part_18/may_july_chunk_359.csv.gz,50000,2024-07-06,2024-07-07,0,ok,0,0,0,0,0,0,0
part_18/may_july_chunk_360.csv.gz,50000,2024-07-06,2024-07-24,0,ok,0,0,0,0,0,0,0
part_19/may_july_chunk_361.csv.gz,50000,2024-07-24,2024-07-24,0,ok,0,0,0,0,0,0,0
part_19/may_july_chunk_362.csv.gz,49998,1970-01-01,2024-07-25,0,ok,0,0,0,0,0,0,0
part_19/may_july_chunk_363.csv.gz,50000,2024-07-25,2024-07-25,0,ok,0,0,0,0,0,0,0
part_19/may_july_chunk_364.csv.gz,50000,2024-07-23,2024-07-25,0,ok,0,0,0,0,0,0,0
part_19/may_july_chunk_365.csv.gz,50000,2024-07-23,2024-07-23,0,ok,0,0,0,0,0,0,0
part_19/may_july_chunk_366.csv.gz,49998,2024-07-23,2024-07-26,0,ok,0,0,0,0,0,0,0
part_19/may_july_chunk_367.csv.gz,50000,2024-07-26,2024-07-26,0,ok,0,0,0,0,0,0,0
part_19/may_july_chunk_368.csv.gz,50000,2024-07-26,2024-07-26,0,ok,0,0,0,0,0,0,0
part_19/may_july_chunk_369.csv.gz,50000,2024-07-24,2024-07-26,0,ok,0,0,0,0,0,0,0
part_19/may_july_chunk_370.csv.gz,50000,2024-07-23,2024-07-24,0,ok,0,0,0,0,0,0,0
part_19/may_july_chunk_371.csv.gz,50000,2024-07-23,2024-07-23,0,ok,0,0,0,0,0,0,0
part_19/may_july_chunk_372.csv.gz,50000,2024-05-04,2024-07-30,0,ok,0,0,0,0,0,0,0
part_19/may_july_chunk_373.csv.gz,50000,2024-05-04,2024-05-04,0,ok,0,0,0,0,0,0,0
part_19/may_july_chunk_374.csv.gz,50000,2024-05-04,2024-05-04,0,ok,0,0,0,0,0,0,0
part_19/may_july_chunk_375.csv.gz,50000,2024-05-04,2024-05-05,0,ok,0,0,0,0,0,0,0
part_19/may_july_chunk_376.csv.gz,50000,2024-05-05,2024-05-05,0,ok,0,0,0,0,0,0,0
part_19/may_july_chunk_377.csv.gz,50000,2024-05-04,2024-05-05,0,ok,0,0,0,0,0,0,0
part_19/may_july_chunk_378.csv.gz,50000,2024-05-04,2024-05-17,0,ok,0,0,0,0,0,0,0
part_19/may_july_chunk_379.csv.gz,49999,1970-01-01,2024-05-18,0,ok,0,0,0,0,0,0,0
part_19/may_july_chunk_380.csv.gz,50000,2023-05-01,2024-05-31,0,ok,0,0,0,0,0,0,0
part_20/may_july_chunk_381.csv.gz,50000,2023-05-01,2024-05-30,0,ok,0,0,0,0,0,0,0
part_20/may_july_chunk_382.csv.gz,50000,2024-05-10,2024-05-10,0,ok,0,0,0,0,0,0,0
part_20/may_july_chunk_383.csv.gz,50000,2024-05-03,2024-05-10,0,ok,0,0,0,0,0,0,0
part_20/may_july_chunk_384.csv.gz,50000,2024-05-03,2024-05-10,0,ok,0,0,0,0,0,0,0
part_20/may_july_chunk_385.csv.gz,50000,2024-05-02,2024-05-10,0,ok,0,0,0,0,0,0,0
part_20/may_july_chunk_386.csv.gz,49998,1970-01-01,2024-05-10,0,ok,0,0,0,0,0,0,0
part_20/may_july_chunk_387.csv.gz,50000,2024-05-10,2024-05-10,0,ok,0,0,0,0,0,0,0
part_20/may_july_chunk_388.csv.gz,50000,2024-05-06,2024-05-10,0,ok,0,0,0,0,0,0,0
part_20/may_july_chunk_389.csv.gz,50000,2024-05-07,2024-05-07,0,ok,0,0,0,0,0,0,0
part_20/may_july_chunk_390.csv.gz,50000,2024-05-07,2024-05-07,0,ok,0,0,0,0,0,0,0
part_20/may_july_chunk_391.csv.gz,50000,2024-05-07,2024-05-07,0,ok,0,0,0,0,0,0,0
part_20/may_july_chunk_392.csv.gz,50000,2024-05-07,2024-05-08,0,ok,0,0,0,0,0,0,0
part_20/may_july_chunk_393.csv.gz,50000,2024-05-08,2024-05-08,0,ok,0,0,0,0,0,0,0
part_20/may_july_chunk_394.csv.gz,50000,2024-05-07,2024-05-08,0,ok,0,0,0,0,0,0,0
part_20/may_july_chunk_395.csv.gz,50000,2024-05-07,2024-05-07,0,ok,0,0,0,0,0,0,0
part_20/may_july_chunk_396.csv.gz,50000,2024-05-01,2024-05-07,0,ok,0,0,0,0,0,0,0
part_20/may_july_chunk_397.csv.gz,50000,2024-05-01,2024-05-08,0,ok,0,0,0,0,0,0,0
part_20/may_july_chunk_398.csv.gz,50000,2024-05-08,2024-05-08,0,ok,0,0,0,0,0,0,0
part_20/may_july_chunk_399.csv.gz,50000,2024-05-02,2024-05-29,0,ok,0,0,0,0,0,0,0
part_20/may_july_chunk_400.csv.gz,49994,2024-05-11,2024-05-11,0,ok,0,0,0,0,0,0,0
part_21/may_july_chunk_401.csv.gz,50000,2024-05-11,2024-05-31,0,ok,0,0,0,0,0,0,0
part_21/may_july_chunk_402.csv.gz,50000,2024-05-12,2024-05-31,0,ok,0,0,0,0,0,0,0
part_21/may_july_chunk_403.csv.gz,49996,2024-05-12,2024-05-30,0,ok,0,0,0,0,0,0,0
part_21/may_july_chunk_404.csv.gz,50000,2024-05-11,2024-05-30,0,ok,0,0,0,0,0,0,0
part_21/may_july_chunk_405.csv.gz,50000,2024-05-11,2024-05-30,0,ok,0,0,0,0,0,0,0
part_21/may_july_chunk_406.csv.gz,50000,2024-05-12,2024-05-30,0,ok,0,0,0,0,0,0,0
part_21/may_july_chunk_407.csv.gz,50000,2024-05-12,2024-05-31,0,ok,0,0,0,0,0,0,0
part_21/may_july_chunk_408.csv.gz,50000,2024-05-26,2024-05-31,0,ok,0,0,0,0,0,0,0
part_21/may_july_chunk_409.csv.gz,49998,2024-05-26,2024-05-26,0,ok,0,0,0,0,0,0,0
part_21/may_july_chunk_410.csv.gz,49996,2024-05-11,2024-05-26,0,ok,0,0,0,0,0,0,0
part_21/may_july_chunk_411.csv.gz,50000,2024-05-11,2024-05-27,0,ok,0,0,0,0,0,0,0
part_21/may_july_chunk_412.csv.gz,50000,2024-05-25,2024-05-27,0,ok,0,0,0,0,0,0,0
part_21/may_july_chunk_413.csv.gz,50000,2024-05-12,2024-05-25,0,ok,0,0,0,0,0,0,0
part_21/may_july_chunk_414.csv.gz,50000,2024-05-08,2024-05-12,0,ok,0,0,0,0,0,0,0
part_21/may_july_chunk_415.csv.gz,50000,2024-05-08,2024-05-26,0,ok,0,0,0,0,0,0,0
part_21/may_july_chunk_416.csv.gz,50000,2024-05-25,2024-05-26,0,ok,0,0,0,0,0,0,0
part_21/may_july_chunk_417.csv.gz,50000,2024-05-25,2024-05-27,0,ok,0,0,0,0,0,0,0
part_21/may_july_chunk_418.csv.gz,50000,2019-10-23,2024-05-27,0,ok,0,0,0,0,0,0,0
part_21/may_july_chunk_419.csv.gz,50000,2019-06-23,2024-05-26,0,ok,0,0,0,0,0,0,0
part_21/may_july_chunk_420.csv.gz,50000,2009-10-13,2024-05-27,0,ok,0,0,0,0,0,0,0
part_22/may_july_chunk_421.csv.gz,50000,2012-07-07,2024-05-28,0,ok,0,0,0,0,0,0,0
part_22/may_july_chunk_422.csv.gz,50000,2010-03-17,2024-06-09,0,ok,0,0,0,0,0,0,0
part_22/may_july_chunk_423.csv.gz,49996,2013-09-20,2024-06-30,0,ok,0,0,0,0,0,0,0
part_22/may_july_chunk_424.csv.gz,50000,2019-03-15,2024-06-30,0,ok,0,0,0,0,0,0,0
part_22/may_july_chunk_425.csv.gz,50000,2018-06-08,2024-07-01,0,ok,0,0,0,0,0,0,0
part_22/may_july_chunk_426.csv.gz,50000,2012-06-17,2024-06-29,0,ok,0,0,0,0,0,0,0
part_22/may_july_chunk_427.csv.gz,50000,2019-03-16,2024-06-29,0,ok,0,0,0,0,0,0,0
part_22/may_july_chunk_428.csv.gz,50000,2019-03-16,2024-06-30,0,ok,0,0,0,0,0,0,0
part_22/may_july_chunk_429.csv.gz,50000,2012-05-02,2024-07-04,0,ok,0,0,0,0,0,0,0
part_22/may_july_chunk_430.csv.gz,50000,2019-03-15,2024-07-05,0,ok,0,0,0,0,0,0,0
part_22/may_july_chunk_431.csv.gz,50000,2019-06-28,2024-07-05,0,ok,0,0,0,0,0,0,0
part_22/may_july_chunk_432.csv.gz,50000,2019-06-28,2024-07-03,0,ok,0,0,0,0,0,0,0
part_22/may_july_chunk_433.csv.gz,50000,2019-02-13,2024-07-06,0,ok,0,0,0,0,0,0,0
part_22/may_july_chunk_434.csv.gz,50000,2019-09-25,2024-07-07,0,ok,0,0,0,0,0,0,0
part_22/may_july_chunk_435.csv.gz,50000,2019-03-16,2024-07-16,0,ok,0,0,0,0,0,0,0
part_22/may_july_chunk_436.csv.gz,50000,2018-11-09,2024-07-07,0,ok,0,0,0,0,0,0,0
part_22/may_july_chunk_437.csv.gz,50000,2018-10-23,2024-07-11,0,ok,0,0,0,0,0,0,0
part_22/may_july_chunk_438.csv.gz,50000,2018-10-23,2024-07-15,0,ok,0,0,0,0,0,0,0
part_22/may_july_chunk_439.csv.gz,50000,2018-11-10,2024-07-14,0,ok,0,0,0,0,0,0,0
part_22/may_july_chunk_440.csv.gz,38586,2019-03-14,2024-07-02,0,ok,0,0,0,0,0,0,0
part_23/aug_chunk_1.csv.gz,49927,2024-08-09,2024-10-04,5,ok,1,3,0,1,0,0,0
part_23/aug_chunk_2.csv.gz,50000,2024-08-09,2024-08-09,3,ok,0,3,0,0,0,0,0
part_23/aug_chunk_3.csv.gz,50000,2024-08-09,2024-08-09,5,ok,0,3,2,0,0,0,0
part_23/aug_chunk_4.csv.gz,50000,2024-08-09,2024-08-09,8,ok,0,5,1,1,0,1,0
part_23/aug_chunk_5.csv.gz,50000,2024-08-09,2024-08-09,3,ok,1,2,0,0,0,0,0
part_23/aug_chunk_6.csv.gz,50000,2024-08-09,2024-08-09,0,ok,0,0,0,0,0,0,0
part_23/aug_chunk_7.csv.gz,50000,2024-08-09,2024-08-09,0,ok,0,0,0,0,0,0,0
part_23/aug_chunk_8.csv.gz,50000,2024-08-09,2024-08-18,1,ok,0,1,0,0,0,0,0
part_23/aug_chunk_9.csv.gz,50000,2024-08-18,2024-08-18,2,ok,0,1,0,0,0,0,1
part_23/aug_chunk_10.csv.gz,50000,2024-08-18,2024-08-18,2,ok,0,1,0,0,0,0,1
part_23/aug_chunk_11.csv.gz,50000,2024-08-18,2024-08-18,3,ok,0,1,0,0,0,2,0
part_23/aug_chunk_12.csv.gz,50000,2024-08-18,2024-08-18,1,ok,0,0,0,0,0,0,1
part_23/aug_chunk_13.csv.gz,50000,2024-08-18,2024-08-18,3,ok,0,0,0,0,0,0,3
part_23/aug_chunk_14.csv.gz,19487,2024-08-07,2024-08-18,4,ok,0,3,0,0,0,0,1
part_23/aug_chunk_15.csv.gz,50000,2024-08-12,2024-08-12,4,ok,0,2,0,0,1,0,1
part_23/aug_chunk_16.csv.gz,50000,2024-08-12,2024-08-12,10,ok,1,4,1,0,0,3,1
part_23/aug_chunk_17.csv.gz,50000,2024-08-12,2024-08-12,10,ok,0,1,0,0,0,6,3
part_23/aug_chunk_18.csv.gz,50000,2024-08-12,2024-08-12,10,ok,0,3,3,0,0,0,4
part_23/aug_chunk_19.csv.gz,50000,2024-08-12,2024-08-12,5,ok,0,3,1,0,0,1,0
part_23/aug_chunk_20.csv.gz,50000,2024-08-12,2024-08-12,0,ok,0,0,0,0,0,0,0
part_24/aug_chunk_21.csv.gz,49925,2024-08-12,2024-08-16,3,ok,1,1,0,1,0,0,0
part_24/aug_chunk_22.csv.gz,50000,2024-08-16,2024-08-16,6,ok,0,5,0,1,0,0,0
part_24/aug_chunk_23.csv.gz,50000,2024-08-16,2024-08-16,12,ok,1,5,0,2,1,3,0
part_24/aug_chunk_24.csv.gz,50000,2024-08-16,2024-08-16,6,ok,0,3,0,0,0,3,0
part_24/aug_chunk_25.csv.gz,50000,2024-08-16,2024-08-16,3,ok,0,2,0,0,0,1,0
part_24/aug_chunk_26.csv.gz,50000,2024-08-16,2024-08-16,2,ok,0,2,0,0,0,0,0
part_24/aug_chunk_27.csv.gz,25831,2024-08-16,2024-08-16,0,ok,0,0,0,0,0,0,0
part_24/aug_chunk_28.csv.gz,23743,2024-08-16,2024-08-16,0,ok,0,0,0,0,0,0,0
part_24/aug_chunk_29.csv.gz,49928,2024-08-11,2024-08-19,6,ok,0,5,0,0,0,1,0
part_24/aug_chunk_30.csv.gz,50000,2024-08-19,2024-08-19,6,ok,1,5,0,0,0,0,0
part_24/aug_chunk_31.csv.gz,50000,2024-08-19,2024-08-19,9,ok,0,5,1,0,0,3,0
part_24/aug_chunk_32.csv.gz,50000,2024-08-19,2024-08-19,9,ok,0,4,1,0,0,4,0
part_24/aug_chunk_33.csv.gz,50000,2024-08-19,2024-08-19,9,ok,1,4,1,0,0,3,0
part_24/aug_chunk_34.csv.gz,50000,2024-08-19,2024-08-19,2,ok,0,2,0,0,0,0,0
part_24/aug_chunk_35.csv.gz,50000,2024-08-19,2024-08-19,1,ok,0,0,0,0,0,0,1
part_24/aug_chunk_36.csv.gz,50000,2024-08-19,2024-08-19,3,ok,0,2,0,0,0,0,1
part_24/aug_chunk_37.csv.gz,49699,2024-08-11,2024-08-21,8,ok,0,4,1,0,1,1,1
part_24/aug_chunk_38.csv.gz,50000,2024-08-21,2024-08-21,8,ok,0,5,0,0,0,3,0
part_24/aug_chunk_39.csv.gz,50000,2024-08-21,2024-08-21,6,ok,0,3,0,0,0,3,0
part_24/aug_chunk_40.csv.gz,50000,2024-08-21,2024-08-21,4,ok,0,1,1,0,0,1,1
part_25/aug_chunk_41.csv.gz,50000,2024-08-21,2024-08-21,1,ok,0,1,0,0,0,0,0
part_25/aug_chunk_42.csv.gz,50000,2024-08-21,2024-08-21,3,ok,0,1,1,0,0,1,0
part_25/aug_chunk_43.csv.gz,50000,2024-08-21,2024-08-21,9,ok,0,6,1,0,0,2,0
part_25/aug_chunk_44.csv.gz,49928,2024-08-20,2024-08-21,4,ok,0,3,0,0,0,1,0
part_25/aug_chunk_45.csv.gz,50000,2024-08-20,2024-08-20,7,ok,0,5,0,0,0,2,0
part_25/aug_chunk_46.csv.gz,50000,2024-08-20,2024-08-20,5,ok,0,4,0,0,0,1,0
part_25/aug_chunk_47.csv.gz,50000,2024-08-20,2024-08-20,6,ok,0,2,2,0,0,2,0
part_25/aug_chunk_48.csv.gz,50000,2024-08-20,2024-08-20,1,ok,0,1,0,0,0,0,0
part_25/aug_chunk_49.csv.gz,50000,2024-08-20,2024-08-20,5,ok,0,2,1,0,0,2,0
part_25/aug_chunk_50.csv.gz,50000,2024-08-20,2024-08-20,25,ok,0,2,5,0,1,17,0
part_25/aug_chunk_51.csv.gz,50000,2024-08-20,2024-08-20,14,ok,0,6,3,0,0,5,0
part_25/aug_chunk_52.csv.gz,38120,2024-08-08,2024-08-20,7,ok,1,2,2,0,0,2,0
part_25/aug_chunk_53.csv.gz,50000,2024-08-08,2024-08-08,6,ok,0,4,1,1,0,0,0
part_25/aug_chunk_54.csv.gz,50000,2024-08-08,2024-08-08,3,ok,0,2,1,0,0,0,0
part_25/aug_chunk_55.csv.gz,50000,2024-08-08,2024-08-08,8,ok,0,6,0,0,0,2,0
part_25/aug_chunk_56.csv.gz,50000,2024-08-08,2024-08-08,7,ok,1,4,1,1,0,0,0
part_25/aug_chunk_57.csv.gz,50000,2024-08-08,2024-08-08,4,ok,0,2,1,0,0,1,0
part_25/aug_chunk_58.csv.gz,50000,2024-08-08,2024-08-08,1,ok,0,1,0,0,0,0,0
part_25/aug_chunk_59.csv.gz,50000,2024-08-08,2024-08-08,1,ok,0,0,0,0,0,1,0
part_25/aug_chunk_60.csv.gz,49740,2024-08-08,2024-10-04,3,ok,0,2,1,0,0,0,0
part_26/aug_chunk_61.csv.gz,50000,2024-08-05,2024-10-04,5,ok,1,2,2,0,0,0,0
part_26/aug_chunk_62.csv.gz,42360,2024-08-05,2024-08-15,4,ok,0,3,0,1,0,0,0
part_26/aug_chunk_63.csv.gz,4271,2024-08-15,2024-08-15,0,ok,0,0,0,0,0,0,0
part_26/aug_chunk_64.csv.gz,49997,2024-08-15,2024-08-15,9,ok,0,7,1,0,0,1,0
part_26/aug_chunk_65.csv.gz,50000,2024-08-15,2024-08-15,11,ok,0,5,2,0,0,4,0
part_26/aug_chunk_66.csv.gz,50000,2024-08-15,2024-08-15,10,ok,1,3,2,0,0,4,0
part_26/aug_chunk_67.csv.gz,50000,2024-08-15,2024-08-15,6,ok,1,3,0,0,0,2,0
part_26/aug_chunk_68.csv.gz,50000,2024-08-15,2024-08-15,2,ok,0,1,0,0,0,0,1
part_26/aug_chunk_69.csv.gz,50000,2024-08-15,2024-08-15,0,ok,0,0,0,0,0,0,0
part_26/aug_chunk_70.csv.gz,49927,2024-08-15,2024-10-05,6,ok,0,2,1,0,0,3,0
part_26/aug_chunk_71.csv.gz,50000,2024-08-14,2024-10-05,6,ok,0,3,0,0,0,3,0
part_26/aug_chunk_72.csv.gz,50000,2024-08-14,2024-08-14,14,ok,0,6,3,0,0,5,0
part_26/aug_chunk_73.csv.gz,50000,2024-08-14,2024-08-14,11,ok,0,4,0,0,0,7,0
part_26/aug_chunk_74.csv.gz,50000,2024-08-14,2024-08-14,7,ok,0,4,1,0,0,2,0
part_26/aug_chunk_75.csv.gz,50000,2024-08-14,2024-08-14,7,ok,0,4,1,0,0,2,0
part_26/aug_chunk_76.csv.gz,50000,2024-08-14,2024-08-14,0,ok,0,0,0,0,0,0,0
part_26/aug_chunk_77.csv.gz,50000,2024-08-14,2024-08-14,3,ok,0,1,2,0,0,0,0
part_26/aug_chunk_78.csv.gz,49925,2024-08-07,2024-08-14,7,ok,2,4,0,1,0,0,0
part_26/aug_chunk_79.csv.gz,49924,2024-08-07,2024-08-11,7,ok,2,3,1,1,0,0,0
part_26/aug_chunk_80.csv.gz,50000,2024-08-11,2024-08-11,3,ok,1,1,1,0,0,0,0
part_27/aug_chunk_81.csv.gz,50000,2024-08-11,2024-08-11,4,ok,0,3,1,0,0,0,0
part_27/aug_chunk_82.csv.gz,50000,2024-08-11,2024-08-11,6,ok,0,4,2,0,0,0,0
part_27/aug_chunk_83.csv.gz,50000,2024-08-11,2024-08-11,4,ok,0,2,1,0,0,1,0
part_27/aug_chunk_84.csv.gz,50000,2024-08-11,2024-08-11,0,ok,0,0,0,0,0,0,0
part_27/aug_chunk_85.csv.gz,50000,2024-08-11,2024-08-11,2,ok,0,0,1,0,0,1,0
part_27/aug_chunk_86.csv.gz,50000,2024-08-11,2024-10-30,21,ok,1,5,2,9,0,1,3
part_27/aug_chunk_87.csv.gz,50000,2024-10-29,2024-11-06,8,ok,0,1,0,2,1,3,1
part_27/aug_chunk_88.csv.gz,50000,2024-10-02,2024-10-31,420,ok,18,66,10,77,1,36,212
part_27/aug_chunk_89.csv.gz,50000,2024-10-02,2024-11-06,1940,ok,28,182,22,621,11,64,1012
part_27/aug_chunk_90.csv.gz,50000,2024-10-27,2024-11-06,21,ok,0,2,2,13,0,3,1
part_27/aug_chunk_91.csv.gz,50000,2024-10-29,2024-10-31,12,ok,1,1,0,4,1,4,1
part_27/aug_chunk_92.csv.gz,50000,2024-10-31,2024-11-01,8,ok,1,2,0,1,1,2,1
part_27/aug_chunk_93.csv.gz,49923,2024-08-08,2024-11-06,1919,ok,14,251,135,690,0,10,819
part_27/aug_chunk_94.csv.gz,50000,2024-08-08,2024-08-10,5,ok,0,4,1,0,0,0,0
part_27/aug_chunk_95.csv.gz,50000,2024-08-10,2024-08-10,3,ok,0,3,0,0,0,0,0
part_27/aug_chunk_96.csv.gz,50000,2024-08-10,2024-08-10,4,ok,1,1,1,1,0,0,0
part_27/aug_chunk_97.csv.gz,50000,2024-08-10,2024-08-10,1,ok,0,1,0,0,0,0,0
part_27/aug_chunk_98.csv.gz,49997,2024-08-10,2024-08-10,3,ok,0,0,0,1,0,2,0
part_27/aug_chunk_99.csv.gz,50000,2024-08-10,2024-08-10,2,ok,0,1,0,0,0,1,0
part_27/aug_chunk_100.csv.gz,50000,2024-08-10,2024-08-13,2,ok,0,1,1,0,0,0,0
part_28/aug_chunk_101.csv.gz,50000,2024-08-13,2024-08-13,4,ok,0,3,0,1,0,0,0
part_28/aug_chunk_102.csv.gz,50000,2024-08-13,2024-08-13,12,ok,1,4,4,0,0,2,1
part_28/aug_chunk_103.csv.gz,50000,2024-08-13,2024-08-13,6,ok,0,4,1,1,0,0,0
part_28/aug_chunk_104.csv.gz,50000,2024-08-13,2024-08-13,9,ok,1,5,1,0,0,2,0
part_28/aug_chunk_105.csv.gz,50000,2024-08-13,2024-08-13,0,ok,0,0,0,0,0,0,0
part_28/aug_chunk_106.csv.gz,50000,2024-08-13,2024-08-13,0,ok,0,0,0,0,0,0,0
part_28/aug_chunk_107.csv.gz,50000,2024-08-13,2024-08-13,7,ok,0,3,0,0,0,4,0
part_28/aug_chunk_108.csv.gz,44924,2024-08-13,2024-08-25,1,ok,0,1,0,0,0,0,0
part_28/aug_chunk_109.csv.gz,10511,2024-08-25,2024-09-28,2,ok,1,1,0,0,0,0,0
part_28/aug_chunk_110.csv.gz,50000,2024-08-04,2024-09-29,3,ok,2,0,0,1,0,0,0
part_28/aug_chunk_111.csv.gz,50000,2024-08-04,2024-08-17,7,ok,0,2,2,1,0,2,0
part_28/aug_chunk_112.csv.gz,50000,2024-08-17,2024-08-17,6,ok,0,3,1,0,0,2,0
part_28/aug_chunk_113.csv.gz,50000,2024-08-17,2024-08-17,8,ok,0,3,1,1,0,0,3
part_28/aug_chunk_114.csv.gz,50000,2024-08-17,2024-08-17,2,ok,0,1,0,0,0,0,1
part_28/aug_chunk_115.csv.gz,49997,2024-08-17,2024-08-17,1,ok,0,1,0,0,0,0,0
part_28/aug_chunk_116.csv.gz,50000,2024-08-17,2024-08-17,3,ok,0,1,1,0,0,1,0
part_28/aug_chunk_117.csv.gz,10508,2024-08-17,2024-08-17,1,ok,0,1,0,0,0,0,0
part_29/september_chunk_1.csv.gz,50000,2024-09-04,2024-09-04,8,ok,0,0,3,5,0,0,0
part_29/september_chunk_2.csv.gz,50000,2024-09-03,2024-09-04,14,ok,0,0,4,0,0,9,1
part_29/september_chunk_3.csv.gz,50000,2024-09-03,2024-09-23,9,ok,2,0,0,1,0,6,0
part_29/september_chunk_4.csv.gz,50000,2024-09-23,2024-09-28,17,ok,1,1,1,3,2,8,1
part_29/september_chunk_5.csv.gz,49993,2024-09-11,2024-09-28,9,ok,3,0,1,0,0,5,0
part_29/september_chunk_6.csv.gz,49987,2024-09-11,2024-09-11,17,ok,2,2,1,2,0,10,0
part_29/september_chunk_7.csv.gz,50000,2024-09-11,2024-09-23,26,ok,9,0,1,4,0,12,0
part_29/september_chunk_8.csv.gz,50000,2024-09-11,2024-09-23,20,ok,1,1,3,2,0,13,0
part_29/september_chunk_9.csv.gz,50000,2024-09-11,2024-09-11,11,ok,0,0,2,3,0,6,0
part_29/september_chunk_10.csv.gz,50000,2024-09-10,2024-09-25,29,ok,5,0,3,7,1,13,0
part_29/september_chunk_11.csv.gz,50000,2024-09-25,2024-09-25,41,ok,6,2,1,14,2,15,1
part_29/september_chunk_12.csv.gz,50000,2024-09-23,2024-09-25,8,ok,0,4,0,1,2,1,0
part_29/september_chunk_13.csv.gz,50000,2024-09-23,2024-09-23,11,ok,1,7,0,1,0,2,0
part_29/september_chunk_14.csv.gz,50000,2024-09-23,2024-09-23,7,ok,0,5,2,0,0,0,0
part_29/september_chunk_15.csv.gz,50000,2024-09-23,2024-09-23,10,ok,0,3,2,1,0,4,0
part_29/september_chunk_16.csv.gz,50000,2024-09-23,2024-09-23,2,ok,0,1,0,1,0,0,0
part_29/september_chunk_17.csv.gz,50000,2024-09-20,2024-09-23,5,ok,1,1,1,1,0,1,0
part_29/september_chunk_18.csv.gz,50000,2024-09-20,2024-09-20,9,ok,0,5,3,1,0,0,0
part_29/september_chunk_19.csv.gz,50000,2024-09-20,2024-09-20,5,ok,0,3,2,0,0,0,0
part_29/september_chunk_20.csv.gz,50000,2024-09-20,2024-09-20,9,ok,0,5,2,0,1,1,0
part_30/september_chunk_21.csv.gz,50000,2024-09-20,2024-09-20,4,ok,0,1,0,0,0,3,0
part_30/september_chunk_22.csv.gz,50000,2024-09-20,2024-09-20,2,ok,0,1,0,0,0,1,0
part_30/september_chunk_23.csv.gz,50000,2024-09-20,2024-09-21,10,ok,0,4,1,0,0,5,0
part_30/september_chunk_24.csv.gz,50000,2024-09-21,2024-09-21,5,ok,0,3,1,1,0,0,0
part_30/september_chunk_25.csv.gz,50000,2024-09-21,2024-09-21,4,ok,0,1,0,0,0,2,1
part_30/september_chunk_26.csv.gz,50000,2024-09-21,2024-09-21,2,ok,0,2,0,0,0,0,0
part_30/september_chunk_27.csv.gz,50000,2024-09-21,2024-09-21,1,ok,0,1,0,0,0,0,0
part_30/september_chunk_28.csv.gz,38709,2024-09-17,2024-09-21,12,ok,7,1,0,1,0,3,0
part_30/september_chunk_29.csv.gz,40976,2024-09-17,2024-09-17,4,ok,2,1,0,0,0,1,0
part_30/september_chunk_30.csv.gz,50000,2024-09-17,2024-09-17,18,ok,3,0,1,3,1,10,0
part_30/september_chunk_31.csv.gz,50000,2024-09-10,2024-09-17,2,ok,1,0,0,0,0,1,0
part_30/september_chunk_32.csv.gz,50000,2024-09-09,2024-09-12,8,ok,0,0,3,1,0,4,0
part_30/september_chunk_33.csv.gz,24482,2024-09-11,2024-09-12,5,ok,1,1,0,3,0,0,0
part_30/september_chunk_34.csv.gz,43684,2024-09-11,2024-09-11,3,ok,1,0,0,0,0,2,0
part_30/september_chunk_35.csv.gz,35460,2024-09-11,2024-09-11,0,ok,0,0,0,0,0,0,0
part_30/september_chunk_36.csv.gz,50000,2024-09-11,2024-09-24,9,ok,1,2,4,1,0,1,0
part_30/september_chunk_37.csv.gz,50000,2024-09-24,2024-09-24,6,ok,0,4,0,1,0,0,1
part_30/september_chunk_38.csv.gz,50000,2024-09-24,2024-09-24,14,ok,0,4,0,2,0,7,1
part_30/september_chunk_39.csv.gz,49997,2024-09-24,2024-09-24,8,ok,0,3,0,1,1,3,0
part_30/september_chunk_40.csv.gz,50000,2024-09-24,2024-09-24,2,ok,0,0,1,0,0,0,1
part_31/september_chunk_41.csv.gz,50000,2024-09-24,2024-09-25,11,ok,0,3,4,2,0,2,0
part_31/september_chunk_42.csv.gz,50000,2024-09-25,2024-09-25,9,ok,1,3,2,0,0,3,0
part_31/september_chunk_43.csv.gz,50000,2024-09-25,2024-09-25,9,ok,0,3,0,1,1,3,1
part_31/september_chunk_44.csv.gz,50000,2024-09-25,2024-09-25,15,ok,0,6,3,0,0,6,0
part_31/september_chunk_45.csv.gz,50000,2024-09-25,2024-09-25,5,ok,0,1,0,0,0,4,0
part_31/september_chunk_46.csv.gz,50000,2024-09-25,2024-09-25,5,ok,0,1,0,0,1,0,3
part_31/september_chunk_47.csv.gz,50000,2024-09-02,2024-09-25,8,ok,0,4,2,1,0,0,1
part_31/september_chunk_48.csv.gz,50000,2024-09-02,2024-09-22,26,ok,1,1,6,3,0,14,1
part_31/september_chunk_49.csv.gz,29689,2024-09-22,2024-09-22,8,ok,2,0,0,3,0,3,0
part_31/september_chunk_50.csv.gz,0,nan,nan,0,ok,0,0,0,0,0,0,0
part_31/september_chunk_51.csv.gz,13432,nan,nan,0,ok,0,0,0,0,0,0,0
part_31/september_chunk_52.csv.gz,25000,nan,nan,0,ok,0,0,0,0,0,0,0
part_31/september_chunk_53.csv.gz,10720,nan,nan,0,ok,0,0,0,0,0,0,0
part_31/september_chunk_54.csv.gz,22896,nan,nan,0,ok,0,0,0,0,0,0,0
part_31/september_chunk_55.csv.gz,40128,2024-09-22,2024-09-22,5,ok,1,0,0,1,0,3,0
part_31/september_chunk_56.csv.gz,50000,2024-09-22,2024-09-29,13,ok,4,0,1,2,0,4,2
part_31/september_chunk_57.csv.gz,50000,2024-09-29,2024-09-29,20,ok,3,0,1,2,0,13,1
part_31/september_chunk_58.csv.gz,50000,2024-09-28,2024-09-29,5,ok,1,0,0,1,2,1,0
part_31/september_chunk_59.csv.gz,50000,2024-09-28,2024-09-28,28,ok,5,1,1,3,1,16,1
part_31/september_chunk_60.csv.gz,50000,2024-09-28,2024-09-29,8,ok,3,0,1,1,0,1,2
part_32/september_chunk_61.csv.gz,50000,2024-09-29,2024-09-29,23,ok,2,1,1,4,0,15,0
part_32/september_chunk_62.csv.gz,50000,2024-09-29,2024-09-29,3,ok,1,0,0,0,0,2,0
part_32/september_chunk_63.csv.gz,50000,2024-09-28,2024-09-29,4,ok,2,0,0,0,2,0,0
part_32/september_chunk_64.csv.gz,50000,2024-09-29,2024-09-29,20,ok,3,0,2,2,0,10,3
part_32/september_chunk_65.csv.gz,50000,2024-09-29,2024-09-29,14,ok,3,1,0,2,0,8,0
part_32/september_chunk_66.csv.gz,50000,2024-09-29,2024-09-29,0,ok,0,0,0,0,0,0,0
part_32/september_chunk_67.csv.gz,50000,2024-09-28,2024-09-30,22,ok,4,1,5,3,2,6,1
part_32/september_chunk_68.csv.gz,50000,2024-09-30,2024-09-30,14,ok,4,1,1,1,0,4,3
part_32/september_chunk_69.csv.gz,50000,2024-09-30,2024-09-30,21,ok,3,3,3,1,0,9,2
part_32/september_chunk_70.csv.gz,50000,2024-09-30,2024-09-30,5,ok,1,0,0,1,0,3,0
part_32/september_chunk_71.csv.gz,50000,2024-09-29,2024-09-30,11,ok,4,0,1,1,0,4,1
part_32/september_chunk_72.csv.gz,50000,2024-09-29,2024-09-30,15,ok,5,0,3,2,0,5,0
part_32/september_chunk_73.csv.gz,50000,2024-09-30,2024-09-30,15,ok,3,2,2,1,0,4,3
part_32/september_chunk_74.csv.gz,50000,2024-09-05,2024-09-30,44,ok,4,1,7,2,0,14,16
part_32/september_chunk_75.csv.gz,50000,2024-09-05,2024-09-17,11,ok,1,0,2,1,0,6,1
part_32/september_chunk_76.csv.gz,45043,2024-09-17,2024-09-17,7,ok,1,3,2,0,0,1,0
part_32/september_chunk_77.csv.gz,48912,2024-09-17,2024-09-17,2,ok,0,2,0,0,0,0,0
part_32/september_chunk_78.csv.gz,50000,2024-09-17,2024-09-17,9,ok,0,4,0,0,0,3,2
part_32/september_chunk_79.csv.gz,50000,2024-09-17,2024-09-17,6,ok,0,4,2,0,0,0,0
part_32/september_chunk_80.csv.gz,50000,2024-09-17,2024-09-17,2,ok,0,2,0,0,0,0,0
part_33/september_chunk_81.csv.gz,50000,2024-09-17,2024-09-17,0,ok,0,0,0,0,0,0,0
part_33/september_chunk_82.csv.gz,50000,2024-09-17,2024-09-24,3,ok,1,1,0,0,0,0,1
part_33/september_chunk_83.csv.gz,50000,2024-09-24,2024-09-24,29,ok,7,3,3,8,0,7,1
part_33/september_chunk_84.csv.gz,42730,2024-09-21,2024-09-24,26,ok,4,0,0,3,2,17,0
part_33/september_chunk_85.csv.gz,11464,nan,nan,0,ok,0,0,0,0,0,0,0
part_33/september_chunk_86.csv.gz,23768,nan,nan,0,ok,0,0,0,0,0,0,0
part_33/september_chunk_87.csv.gz,8459,nan,nan,0,ok,0,0,0,0,0,0,0
part_33/september_chunk_88.csv.gz,4544,nan,nan,0,ok,0,0,0,0,0,0,0
part_33/september_chunk_89.csv.gz,25000,nan,nan,0,ok,0,0,0,0,0,0,0
part_33/september_chunk_90.csv.gz,46775,2024-09-18,2024-09-21,10,ok,5,0,0,4,0,1,0
part_33/september_chunk_91.csv.gz,50000,2024-09-18,2024-09-18,5,ok,1,2,2,0,0,0,0
part_33/september_chunk_92.csv.gz,50000,2024-09-18,2024-09-18,11,ok,0,5,1,0,0,5,0
part_33/september_chunk_93.csv.gz,50000,2024-09-18,2024-09-18,6,ok,2,2,0,0,0,2,0
part_33/september_chunk_94.csv.gz,50000,2024-09-18,2024-09-18,9,ok,1,4,2,0,0,2,0
part_33/september_chunk_95.csv.gz,50000,2024-09-18,2024-09-18,0,ok,0,0,0,0,0,0,0
part_33/september_chunk_96.csv.gz,50000,2024-09-18,2024-09-18,12,ok,2,3,1,3,0,2,1
part_33/september_chunk_97.csv.gz,50000,2024-09-18,2024-09-18,20,ok,6,2,2,4,0,6,0
part_33/september_chunk_98.csv.gz,50000,2024-09-13,2024-09-18,24,ok,6,1,0,12,0,5,0
part_33/september_chunk_99.csv.gz,50000,2024-09-13,2024-09-13,9,ok,2,0,1,2,0,4,0
part_33/september_chunk_100.csv.gz,50000,2024-09-12,2024-09-25,37,ok,8,0,2,14,0,13,0
part_34/september_chunk_101.csv.gz,50000,2024-09-25,2024-09-26,18,ok,1,0,3,4,1,9,0
part_34/september_chunk_102.csv.gz,50000,2024-09-06,2024-09-26,19,ok,1,2,2,1,0,13,0
part_34/september_chunk_103.csv.gz,50000,2024-09-06,2024-09-26,7,ok,1,0,0,0,0,6,0
part_34/september_chunk_104.csv.gz,50000,2024-09-26,2024-09-26,9,ok,1,5,2,0,0,1,0
part_34/september_chunk_105.csv.gz,50000,2024-09-26,2024-09-26,6,ok,0,3,2,0,0,1,0
part_34/september_chunk_106.csv.gz,50000,2024-09-26,2024-09-26,11,ok,1,5,2,0,1,2,0
part_34/september_chunk_107.csv.gz,50000,2024-09-26,2024-09-26,7,ok,0,4,0,0,0,1,2
part_34/september_chunk_108.csv.gz,50000,2024-09-26,2024-09-26,1,ok,0,0,0,0,0,0,1
part_34/september_chunk_109.csv.gz,50000,2024-09-26,2024-09-26,4,ok,0,1,0,0,1,0,2
part_34/september_chunk_110.csv.gz,50000,2024-09-01,2024-09-26,3,ok,1,0,0,1,0,1,0
part_34/september_chunk_111.csv.gz,50000,2024-09-01,2024-09-22,8,ok,0,3,0,1,1,2,1
part_34/september_chunk_112.csv.gz,50000,2024-09-22,2024-09-22,4,ok,0,3,0,0,0,1,0
part_34/september_chunk_113.csv.gz,50000,2024-09-22,2024-09-22,7,ok,0,2,1,0,0,4,0
part_34/september_chunk_114.csv.gz,50000,2024-09-22,2024-09-22,1,ok,0,0,0,0,0,1,0
part_34/september_chunk_115.csv.gz,50000,2024-09-22,2024-09-22,1,ok,0,0,0,0,0,0,1
part_34/september_chunk_116.csv.gz,45000,2024-09-20,2024-09-22,31,ok,10,2,1,11,0,7,0
part_34/september_chunk_117.csv.gz,0,nan,nan,0,ok,0,0,0,0,0,0,0
part_34/september_chunk_118.csv.gz,17264,nan,nan,0,ok,0,0,0,0,0,0,0
part_34/september_chunk_119.csv.gz,25000,nan,nan,0,ok,0,0,0,0,0,0,0
part_34/september_chunk_120.csv.gz,6888,nan,nan,0,ok,0,0,0,0,0,0,0
part_35/september_chunk_121.csv.gz,10344,nan,nan,0,ok,0,0,0,0,0,0,0
part_35/september_chunk_122.csv.gz,27576,2024-09-20,2024-09-20,0,ok,0,0,0,0,0,0,0
part_35/september_chunk_123.csv.gz,50000,2024-09-19,2024-09-20,18,ok,3,0,1,4,1,9,0
part_35/september_chunk_124.csv.gz,50000,2024-09-19,2024-09-19,4,ok,0,3,0,0,0,0,1
part_35/september_chunk_125.csv.gz,50000,2024-09-19,2024-09-19,6,ok,1,4,0,0,0,1,0
part_35/september_chunk_126.csv.gz,50000,2024-09-19,2024-09-19,8,ok,0,4,1,1,0,2,0
part_35/september_chunk_127.csv.gz,50000,2024-09-19,2024-09-19,12,ok,0,3,2,1,0,5,1
part_35/september_chunk_128.csv.gz,50000,2024-09-19,2024-09-19,1,ok,0,1,0,0,0,0,0
part_35/september_chunk_129.csv.gz,50000,2024-09-19,2024-09-19,4,ok,0,2,1,0,0,0,1
part_35/september_chunk_130.csv.gz,50000,2024-09-19,2024-09-19,28,ok,9,2,2,5,0,10,0
part_35/september_chunk_131.csv.gz,716,2024-09-19,2024-09-19,0,ok,0,0,0,0,0,0,0
part_35/september_chunk_132.csv.gz,23200,nan,nan,0,ok,0,0,0,0,0,0,0
part_35/september_chunk_133.csv.gz,25000,nan,nan,0,ok,0,0,0,0,0,0,0
part_35/september_chunk_134.csv.gz,8616,nan,nan,0,ok,0,0,0,0,0,0,0
part_35/september_chunk_135.csv.gz,25000,nan,nan,0,ok,0,0,0,0,0,0,0
part_35/september_chunk_136.csv.gz,49896,2024-09-19,2024-09-27,18,ok,5,3,1,2,0,7,0
part_35/september_chunk_137.csv.gz,50000,2024-09-26,2024-09-27,24,ok,4,3,1,1,0,15,0
part_35/september_chunk_138.csv.gz,50000,2024-09-26,2024-09-26,13,ok,6,1,1,2,0,3,0
part_35/september_chunk_139.csv.gz,50000,2024-09-24,2024-09-26,8,ok,2,1,2,3,0,0,0
part_35/september_chunk_140.csv.gz,12347,2024-09-24,2024-09-24,1,ok,0,0,0,0,0,1,0
part_37/october_chunk_1.csv.gz,50000,2024-10-29,2024-10-31,21,ok,2,0,1,11,2,3,2
part_37/october_chunk_2.csv.gz,50000,2024-10-29,2024-10-30,15,ok,1,2,0,6,0,6,0
part_37/october_chunk_3.csv.gz,50000,2024-10-08,2024-10-30,11,ok,1,3,0,3,1,3,0
part_37/october_chunk_4.csv.gz,50000,2024-10-08,2024-10-12,15,ok,0,4,5,2,1,3,0
part_37/october_chunk_5.csv.gz,50000,2024-10-09,2024-10-12,3,ok,0,3,0,0,0,0,0
part_37/october_chunk_6.csv.gz,50000,2024-10-10,2024-10-11,9,ok,0,5,1,1,0,1,1
part_37/october_chunk_7.csv.gz,50000,2024-10-11,2024-10-13,8,ok,0,3,0,0,0,2,3
part_37/october_chunk_8.csv.gz,50000,2024-10-13,2024-10-14,3,ok,1,1,0,0,0,1,0
part_37/october_chunk_9.csv.gz,50000,2024-10-12,2024-10-14,3,ok,0,2,0,0,0,1,0
part_37/october_chunk_10.csv.gz,50000,2024-10-12,2024-10-15,5,ok,0,4,1,0,0,0,0
part_37/october_chunk_11.csv.gz,50000,2024-10-15,2024-10-16,4,ok,0,2,0,1,1,0,0
part_37/october_chunk_12.csv.gz,50000,2024-10-01,2024-10-21,11,ok,0,1,1,3,0,4,2
part_37/october_chunk_13.csv.gz,50000,2024-10-01,2024-10-01,5,ok,0,3,1,1,0,0,0
part_37/october_chunk_14.csv.gz,50000,2024-10-01,2024-10-02,5,ok,0,3,2,0,0,0,0
part_37/october_chunk_15.csv.gz,50000,2024-10-02,2024-10-03,7,ok,0,4,3,0,0,0,0
part_37/october_chunk_16.csv.gz,50000,2024-10-03,2024-10-04,5,ok,1,1,1,1,1,0,0
part_37/october_chunk_17.csv.gz,50000,2024-10-04,2024-10-05,8,ok,1,4,1,0,1,1,0
part_37/october_chunk_18.csv.gz,50000,2024-10-05,2024-10-06,4,ok,0,3,1,0,0,0,0
part_37/october_chunk_19.csv.gz,50000,2024-10-06,2024-10-07,2,ok,1,1,0,0,0,0,0
part_37/october_chunk_20.csv.gz,50000,2024-10-07,2024-10-31,10,ok,0,0,1,6,0,3,0
part_38/october_chunk_21.csv.gz,50000,2024-10-29,2024-10-31,21,ok,2,0,1,12,2,2,2
part_38/october_chunk_22.csv.gz,50000,2024-10-29,2024-10-30,14,ok,1,2,0,5,0,6,0
part_38/october_chunk_23.csv.gz,50000,2024-10-09,2024-10-30,10,ok,1,1,2,3,2,1,0
part_38/october_chunk_24.csv.gz,34521,2024-10-10,2024-10-30,4,ok,0,1,0,1,0,1,1
part_39/november_chunk_1.csv.gz,50000,2024-11-20,2024-11-30,12,ok,10,1,0,0,0,0,1
part_39/november_chunk_2.csv.gz,50000,2024-11-30,2024-11-30,0,ok,0,0,0,0,0,0,0
part_39/november_chunk_3.csv.gz,50000,2024-11-30,2024-11-30,0,ok,0,0,0,0,0,0,0
part_39/november_chunk_4.csv.gz,50000,2024-11-30,2024-11-30,0,ok,0,0,0,0,0,0,0
part_39/november_chunk_5.csv.gz,50000,2024-11-07,2024-11-30,1,ok,1,0,0,0,0,0,0
part_39/november_chunk_6.csv.gz,50000,2024-11-07,2024-11-07,0,ok,0,0,0,0,0,0,0
part_39/november_chunk_7.csv.gz,50000,2024-11-07,2024-11-07,0,ok,0,0,0,0,0,0,0
part_39/november_chunk_8.csv.gz,50000,2024-11-07,2024-11-07,0,ok,0,0,0,0,0,0,0
part_39/november_chunk_9.csv.gz,50000,2024-11-07,2024-11-07,0,ok,0,0,0,0,0,0,0
part_39/november_chunk_10.csv.gz,50000,2024-11-07,2024-11-07,0,ok,0,0,0,0,0,0,0
part_39/november_chunk_11.csv.gz,50000,2024-11-06,2024-11-07,8,ok,0,0,0,8,0,0,0
part_39/november_chunk_12.csv.gz,50000,2024-11-06,2024-11-25,7,ok,3,0,0,4,0,0,0
part_39/november_chunk_13.csv.gz,50000,2024-11-25,2024-11-25,5,ok,3,1,0,0,0,0,1
part_39/november_chunk_14.csv.gz,50000,2024-11-25,2024-11-25,3,ok,0,2,0,0,0,1,0
part_39/november_chunk_15.csv.gz,50000,2024-11-25,2024-11-25,1,ok,1,0,0,0,0,0,0
part_39/november_chunk_16.csv.gz,50000,2024-11-25,2024-11-25,0,ok,0,0,0,0,0,0,0
part_39/november_chunk_17.csv.gz,50000,2024-11-24,2024-11-25,0,ok,0,0,0,0,0,0,0
part_39/november_chunk_18.csv.gz,50000,2024-11-24,2024-11-24,1,ok,0,0,0,0,0,1,0
part_39/november_chunk_19.csv.gz,50000,2024-11-24,2024-11-24,3,ok,1,0,0,0,0,2,0
part_39/november_chunk_20.csv.gz,50000,2024-11-24,2024-11-24,1,ok,0,1,0,0,0,0,0
part_40/november_chunk_21.csv.gz,50000,2024-11-24,2024-11-24,0,ok,0,0,0,0,0,0,0
part_40/november_chunk_22.csv.gz,50000,2024-11-19,2024-11-24,2,ok,2,0,0,0,0,0,0
part_40/november_chunk_23.csv.gz,50000,2024-11-17,2024-11-19,0,ok,0,0,0,0,0,0,0
part_40/november_chunk_24.csv.gz,50000,2024-11-17,2024-11-17,1,ok,0,0,0,0,0,1,0
part_40/november_chunk_25.csv.gz,50000,2024-11-17,2024-11-17,2,ok,0,1,0,0,0,0,1
part_40/november_chunk_26.csv.gz,50000,2024-11-17,2024-11-17,3,ok,1,0,0,0,0,2,0
part_40/november_chunk_27.csv.gz,50000,2024-11-17,2024-11-17,0,ok,0,0,0,0,0,0,0
part_40/november_chunk_28.csv.gz,50000,2024-11-17,2024-11-17,0,ok,0,0,0,0,0,0,0
part_40/november_chunk_29.csv.gz,50000,2024-11-17,2024-11-29,1,ok,1,0,0,0,0,0,0
part_40/november_chunk_30.csv.gz,50000,2024-11-29,2024-11-29,1,ok,0,0,0,0,0,1,0
part_40/november_chunk_31.csv.gz,50000,2024-11-29,2024-11-29,0,ok,0,0,0,0,0,0,0
part_40/november_chunk_32.csv.gz,50000,2024-11-29,2024-11-29,0,ok,0,0,0,0,0,0,0
part_40/november_chunk_33.csv.gz,50000,2024-11-26,2024-11-29,9,ok,9,0,0,0,0,0,0
part_40/november_chunk_34.csv.gz,50000,2024-11-23,2024-11-26,3,ok,1,1,0,0,0,1,0
part_40/november_chunk_35.csv.gz,50000,2024-11-23,2024-11-23,1,ok,0,0,0,0,0,1,0
part_40/november_chunk_36.csv.gz,50000,2024-11-23,2024-11-23,1,ok,0,1,0,0,0,0,0
part_40/november_chunk_37.csv.gz,50000,2024-11-23,2024-11-23,0,ok,0,0,0,0,0,0,0
part_40/november_chunk_38.csv.gz,50000,2024-11-23,2024-11-23,0,ok,0,0,0,0,0,0,0
part_40/november_chunk_39.csv.gz,50000,2024-11-21,2024-11-30,7,ok,6,1,0,0,0,0,0
part_40/november_chunk_40.csv.gz,50000,2024-11-21,2024-11-21,7,ok,7,0,0,0,0,0,0
part_41/november_chunk_41.csv.gz,50000,2024-11-21,2024-11-21,2,ok,1,0,0,0,0,1,0
part_41/november_chunk_42.csv.gz,50000,2024-11-21,2024-11-21,1,ok,1,0,0,0,0,0,0
part_41/november_chunk_43.csv.gz,50000,2024-11-21,2024-11-21,1,ok,1,0,0,0,0,0,0
part_41/november_chunk_44.csv.gz,50000,2024-11-21,2024-11-21,1,ok,0,0,0,0,0,1,0
part_41/november_chunk_45.csv.gz,50000,2024-11-21,2024-11-21,0,ok,0,0,0,0,0,0,0
part_41/november_chunk_46.csv.gz,50000,2024-11-21,2024-11-21,1,ok,0,1,0,0,0,0,0
part_41/november_chunk_47.csv.gz,50000,2024-11-18,2024-11-21,6,ok,5,0,0,0,0,1,0
part_41/november_chunk_48.csv.gz,50000,2024-11-18,2024-11-20,3,ok,1,0,0,0,0,2,0
part_41/november_chunk_49.csv.gz,50000,2024-11-20,2024-11-20,3,ok,1,1,0,0,0,1,0
part_41/november_chunk_50.csv.gz,50000,2024-11-20,2024-11-20,5,ok,0,1,0,0,1,1,2
part_41/november_chunk_51.csv.gz,50000,2024-11-20,2024-11-20,1,ok,0,0,0,0,0,1,0
part_41/november_chunk_52.csv.gz,50000,2024-11-20,2024-11-20,0,ok,0,0,0,0,0,0,0
part_41/november_chunk_53.csv.gz,50000,2024-11-20,2024-11-20,0,ok,0,0,0,0,0,0,0
part_41/november_chunk_54.csv.gz,50000,2024-11-20,2024-11-27,1,ok,1,0,0,0,0,0,0
part_41/november_chunk_55.csv.gz,50000,2024-11-27,2024-11-27,2,ok,2,0,0,0,0,0,0
part_41/november_chunk_56.csv.gz,50000,2024-11-27,2024-11-27,0,ok,0,0,0,0,0,0,0
part_41/november_chunk_57.csv.gz,50000,2024-11-27,2024-11-27,2,ok,1,1,0,0,0,0,0
part_41/november_chunk_58.csv.gz,50000,2024-11-27,2024-11-27,0,ok,0,0,0,0,0,0,0
part_41/november_chunk_59.csv.gz,50000,2024-11-27,2024-11-27,0,ok,0,0,0,0,0,0,0
part_41/november_chunk_60.csv.gz,50000,2024-11-27,2024-11-27,7,ok,7,0,0,0,0,0,0
part_42/november_chunk_61.csv.gz,50000,2024-11-16,2024-11-27,2,ok,2,0,0,0,0,0,0
part_42/november_chunk_62.csv.gz,50000,2024-11-16,2024-11-16,0,ok,0,0,0,0,0,0,0
part_42/november_chunk_63.csv.gz,50000,2024-11-16,2024-11-16,0,ok,0,0,0,0,0,0,0
part_42/november_chunk_64.csv.gz,50000,2024-11-16,2024-11-16,0,ok,0,0,0,0,0,0,0
part_42/november_chunk_65.csv.gz,50000,2024-11-16,2024-11-16,1,ok,0,0,0,0,0,0,1
part_42/november_chunk_66.csv.gz,50000,2024-11-16,2024-11-16,0,ok,0,0,0,0,0,0,0
part_42/november_chunk_67.csv.gz,50000,2024-11-16,2024-11-22,7,ok,7,0,0,0,0,0,0
part_42/november_chunk_68.csv.gz,50000,2024-11-19,2024-11-22,3,ok,2,1,0,0,0,0,0
part_42/november_chunk_69.csv.gz,50000,2024-11-19,2024-11-19,1,ok,0,0,0,0,0,0,1
part_42/november_chunk_70.csv.gz,50000,2024-11-19,2024-11-19,1,ok,0,1,0,0,0,0,0
part_42/november_chunk_71.csv.gz,50000,2024-11-19,2024-11-19,2,ok,1,1,0,0,0,0,0
part_42/november_chunk_72.csv.gz,50000,2024-11-19,2024-11-19,0,ok,0,0,0,0,0,0,0
part_42/november_chunk_73.csv.gz,50000,2024-11-19,2024-11-19,0,ok,0,0,0,0,0,0,0
part_42/november_chunk_74.csv.gz,50000,2024-11-19,2024-11-19,1,ok,0,1,0,0,0,0,0
part_42/november_chunk_75.csv.gz,50000,2024-11-19,2024-11-24,6,ok,5,0,0,0,0,1,0
part_42/november_chunk_76.csv.gz,50000,2024-11-22,2024-11-22,2,ok,2,0,0,0,0,0,0
part_42/november_chunk_77.csv.gz,50000,2024-11-22,2024-11-22,0,ok,0,0,0,0,0,0,0
part_42/november_chunk_78.csv.gz,50000,2024-11-22,2024-11-22,0,ok,0,0,0,0,0,0,0
part_42/november_chunk_79.csv.gz,50000,2024-11-22,2024-11-22,0,ok,0,0,0,0,0,0,0
part_42/november_chunk_80.csv.gz,50000,2024-11-22,2024-11-22,0,ok,0,0,0,0,0,0,0
part_43/november_chunk_81.csv.gz,50000,2024-11-22,2024-11-28,2,ok,0,1,0,0,0,0,1
part_43/november_chunk_82.csv.gz,50000,2024-11-28,2024-11-28,1,ok,0,1,0,0,0,0,0
part_43/november_chunk_83.csv.gz,50000,2024-11-28,2024-11-28,2,ok,0,1,0,0,0,0,1
part_43/november_chunk_84.csv.gz,50000,2024-11-28,2024-11-28,0,ok,0,0,0,0,0,0,0
part_43/november_chunk_85.csv.gz,50000,2024-11-28,2024-11-28,2,ok,1,0,0,0,0,1,0
part_43/november_chunk_86.csv.gz,50000,2024-11-09,2024-11-28,0,ok,0,0,0,0,0,0,0
part_43/november_chunk_87.csv.gz,50000,2024-11-09,2024-11-11,0,ok,0,0,0,0,0,0,0
part_43/november_chunk_88.csv.gz,50000,2024-11-11,2024-11-11,0,ok,0,0,0,0,0,0,0
part_43/november_chunk_89.csv.gz,50000,2024-11-11,2024-11-11,1,ok,0,0,0,0,0,0,1
part_43/november_chunk_90.csv.gz,50000,2024-11-11,2024-11-13,6,ok,0,0,0,0,0,2,4
part_43/november_chunk_91.csv.gz,50000,2024-11-13,2024-11-13,2,ok,2,0,0,0,0,0,0
part_43/november_chunk_92.csv.gz,50000,2024-11-13,2024-11-15,5,ok,4,0,0,0,0,1,0
part_43/november_chunk_93.csv.gz,50000,2024-11-15,2024-11-15,1,ok,1,0,0,0,0,0,0
part_43/november_chunk_94.csv.gz,50000,2024-11-15,2024-11-15,2,ok,2,0,0,0,0,0,0
part_43/november_chunk_95.csv.gz,50000,2024-11-15,2024-11-15,3,ok,2,0,0,0,0,1,0
part_43/november_chunk_96.csv.gz,50000,2024-11-15,2024-11-28,6,ok,6,0,0,0,0,0,0
part_43/november_chunk_97.csv.gz,50000,2024-11-26,2024-11-28,2,ok,2,0,0,0,0,0,0
part_43/november_chunk_98.csv.gz,50000,2024-11-26,2024-11-26,1,ok,1,0,0,0,0,0,0
part_43/november_chunk_99.csv.gz,50000,2024-11-26,2024-11-26,2,ok,1,1,0,0,0,0,0
part_43/november_chunk_100.csv.gz,50000,2024-11-26,2024-11-26,0,ok,0,0,0,0,0,0,0
part_44/november_chunk_101.csv.gz,50000,2024-11-26,2024-11-26,0,ok,0,0,0,0,0,0,0
part_44/november_chunk_102.csv.gz,50000,2024-11-18,2024-11-26,0,ok,0,0,0,0,0,0,0
part_44/november_chunk_103.csv.gz,50000,2024-11-18,2024-11-18,1,ok,1,0,0,0,0,0,0
part_44/november_chunk_104.csv.gz,50000,2024-11-18,2024-11-18,0,ok,0,0,0,0,0,0,0
part_44/november_chunk_105.csv.gz,50000,2024-11-18,2024-11-18,1,ok,0,1,0,0,0,0,0
part_44/november_chunk_106.csv.gz,50000,2024-11-18,2024-11-18,0,ok,0,0,0,0,0,0,0
part_44/november_chunk_107.csv.gz,50000,2024-11-18,2024-11-18,0,ok,0,0,0,0,0,0,0
part_44/november_chunk_108.csv.gz,50000,2024-11-18,2024-11-18,0,ok,0,0,0,0,0,0,0
part_44/november_chunk_109.csv.gz,50000,2024-11-17,2024-11-25,11,ok,11,0,0,0,0,0,0
part_44/november_chunk_110.csv.gz,50000,2024-11-17,2024-11-17,3,ok,3,0,0,0,0,0,0
part_44/november_chunk_111.csv.gz,50000,2024-11-16,2024-11-17,2,ok,2,0,0,0,0,0,0
part_44/november_chunk_112.csv.gz,50000,2024-09-09,2024-11-16,115,ok,3,0,3,1,1,12,95
part_44/november_chunk_113.csv.gz,25676,2024-07-18,2024-11-12,311,ok,0,2,38,14,0,18,239
part_45/octobergap_chunk_1.csv.gz,50000,2024-10-03,2024-10-03,3,ok,0,0,1,0,0,2,0
part_45/octobergap_chunk_2.csv.gz,50000,2024-10-03,2024-10-12,7,ok,0,1,1,0,0,5,0
part_45/octobergap_chunk_3.csv.gz,50000,2024-10-06,2024-10-12,17,ok,0,2,2,1,3,5,4
part_45/octobergap_chunk_4.csv.gz,50000,2024-10-11,2024-10-14,9,ok,0,0,3,3,0,3,0
part_45/octobergap_chunk_5.csv.gz,50000,2024-10-01,2024-10-15,18,ok,0,2,5,3,1,2,5
part_45/octobergap_chunk_6.csv.gz,50000,2024-10-01,2024-10-15,6,ok,0,1,1,0,0,4,0
part_45/octobergap_chunk_7.csv.gz,50000,2024-10-01,2024-10-12,2,ok,0,1,0,0,0,1,0
part_45/octobergap_chunk_8.csv.gz,50000,2024-10-09,2024-10-12,3,ok,0,1,1,0,0,1,0
part_45/octobergap_chunk_9.csv.gz,50000,2024-10-02,2024-10-09,7,ok,2,1,1,0,0,3,0
part_45/octobergap_chunk_10.csv.gz,50000,2024-10-01,2024-10-03,2,ok,0,0,1,0,0,1,0
part_45/octobergap_chunk_11.csv.gz,50000,2024-10-03,2024-10-03,3,ok,0,1,1,0,0,1,0
part_45/octobergap_chunk_12.csv.gz,50000,2024-10-03,2024-10-15,1,ok,0,0,0,0,0,1,0
part_45/octobergap_chunk_13.csv.gz,50000,2024-10-12,2024-10-13,5,ok,0,1,0,0,0,4,0
part_45/octobergap_chunk_14.csv.gz,50000,2024-10-08,2024-10-13,8,ok,1,0,3,2,0,0,2
part_45/octobergap_chunk_15.csv.gz,50000,2024-10-01,2024-10-15,21,ok,1,0,8,4,0,2,6
part_45/octobergap_chunk_16.csv.gz,50000,2024-10-07,2024-10-09,11,ok,0,2,2,0,0,6,1
part_45/octobergap_chunk_17.csv.gz,50000,2024-10-04,2024-10-13,15,ok,2,0,3,3,0,4,3
part_45/octobergap_chunk_18.csv.gz,50000,2024-10-01,2024-10-15,5,ok,0,0,0,0,0,5,0
part_45/octobergap_chunk_19.csv.gz,50000,2024-10-01,2024-10-12,7,ok,0,3,0,0,0,4,0
part_45/octobergap_chunk_20.csv.gz,50000,2024-10-04,2024-10-10,10,ok,0,1,3,1,0,4,1
part_46/octobergap_chunk_21.csv.gz,50000,2024-10-04,2024-10-04,10,ok,2,1,0,0,0,7,0
part_46/octobergap_chunk_22.csv.gz,50000,2024-10-04,2024-10-15,1,ok,0,0,0,0,0,1,0
part_46/octobergap_chunk_23.csv.gz,50000,2024-10-08,2024-10-13,0,ok,0,0,0,0,0,0,0
part_46/octobergap_chunk_24.csv.gz,50000,2024-10-08,2024-10-08,6,ok,1,0,0,0,1,3,1
part_46/octobergap_chunk_25.csv.gz,50000,2024-10-06,2024-10-09,6,ok,0,0,0,0,0,6,0
part_46/octobergap_chunk_26.csv.gz,50000,2024-10-06,2024-10-09,1,ok,0,0,0,0,1,0,0
part_46/octobergap_chunk_27.csv.gz,50000,2024-10-06,2024-10-06,4,ok,0,0,0,0,4,0,0
part_46/octobergap_chunk_28.csv.gz,50000,2024-10-01,2024-10-06,13,ok,0,2,1,2,1,4,3
part_46/octobergap_chunk_29.csv.gz,50000,2024-10-03,2024-10-03,0,ok,0,0,0,0,0,0,0
part_46/octobergap_chunk_30.csv.gz,50000,2024-10-03,2024-10-14,2,ok,0,0,0,0,0,2,0
part_46/octobergap_chunk_31.csv.gz,50000,2024-10-05,2024-10-14,3,ok,0,0,1,0,0,2,0
part_46/octobergap_chunk_32.csv.gz,50000,2024-10-05,2024-10-14,4,ok,1,1,0,0,0,2,0
part_46/octobergap_chunk_33.csv.gz,50000,2024-10-05,2024-10-11,4,ok,1,0,1,2,0,0,0
part_46/octobergap_chunk_34.csv.gz,50000,2024-10-01,2024-10-11,1,ok,0,1,0,0,0,0,0
part_46/octobergap_chunk_35.csv.gz,50000,2024-10-01,2024-10-07,8,ok,0,1,1,2,3,1,0
part_46/octobergap_chunk_36.csv.gz,50000,2024-10-02,2024-10-13,1,ok,0,1,0,0,0,0,0
part_46/octobergap_chunk_37.csv.gz,50000,2024-10-01,2024-10-13,1,ok,0,0,1,0,0,0,0
part_46/octobergap_chunk_38.csv.gz,50000,2024-10-01,2024-10-03,16,ok,0,6,4,2,1,1,2
part_46/octobergap_chunk_39.csv.gz,50000,2024-10-02,2024-10-03,11,ok,1,1,6,0,1,2,0
part_46/octobergap_chunk_40.csv.gz,50000,2024-10-02,2024-10-15,33,ok,3,1,14,0,0,11,4
part_47/octobergap_chunk_41.csv.gz,50000,2024-10-04,2024-10-15,13,ok,0,0,3,4,0,5,1
part_47/octobergap_chunk_42.csv.gz,50000,2024-10-08,2024-10-14,8,ok,0,0,2,2,0,0,4
part_47/octobergap_chunk_43.csv.gz,50000,2024-10-02,2024-10-08,1,ok,0,0,0,0,0,1,0
part_47/octobergap_chunk_44.csv.gz,50000,2024-10-01,2024-10-11,11,ok,1,0,4,2,0,3,1
part_47/octobergap_chunk_45.csv.gz,50000,2024-10-01,2024-10-11,4,ok,0,0,1,0,0,3,0
part_47/octobergap_chunk_46.csv.gz,50000,2024-10-09,2024-10-09,1,ok,0,0,0,0,1,0,0
part_47/octobergap_chunk_47.csv.gz,25860,2024-10-01,2024-10-09,1,ok,0,0,0,0,0,1,0
