source,slug,post_id,status,v1_upload_date,v3_date_et,v1_duration,v3_duration,v1_views,v3_views,views_change,v1_likes,v3_likes,v1_comments,v3_comments
v1,harris,f6hcPwHIGc0,仍在线，在v3窗口内,2024-07-23,2024-07-23,47,48,215179,216908,1729,10575,10736,1600,1667
v1,harris,znewO-GkNCs,仍在线，在v3窗口内,2024-07-24,2024-07-24,43,43,306837,307117,280,12505,12498,2200,2218
v1,rnc,qGd4-MKK5_s,仍在线，在v3窗口内,2024-07-24,2024-07-24,24,24,6491,6495,4,144,144,18,18
v1,rnc,iwEqKl4TW94,仍在线，在v3窗口内,2024-07-25,2024-07-25,25,25,545,545,0,58,58,12,12
v1,rnc,G99ErF3z5bg,仍在线，在v3窗口内,2024-07-26,2024-07-26,36,37,5193,5207,14,266,266,13,13
v1,rnc,UHYecEi6L7E,仍在线，在v3窗口内,2024-07-26,2024-07-26,26,27,1832,1832,0,85,85,7,7
v1,rnc,tw2Tr_bGE0I,仍在线，在v3窗口内,2024-07-26,2024-07-26,22,23,12266,12286,20,486,485,36,36
v1,rnc,ty9KYFmz3aA,仍在线，在v3窗口内,2024-07-26,2024-07-26,35,35,590,590,0,151,151,12,12
v1,rnc,GHYnG-YD7pE,仍在线，在v3窗口内,2024-07-27,2024-07-27,41,42,779,779,0,120,120,11,11
v1,rnc,afaEW6En3Tk,仍在线，在v3窗口内,2024-07-27,2024-07-27,29,30,2312,2327,15,187,188,12,12
v1,rnc,bjw8fvzOYGs,仍在线，在v3窗口内,2024-07-28,2024-07-28,17,17,765,767,2,177,177,5,5
v1,rnc,3wk3QevWIEM,仍在线，在v3窗口内,2024-07-29,2024-07-29,15,15,15421,15576,155,378,378,59,59
v1,rnc,9vjupC15wPM,仍在线，在v3窗口内,2024-07-29,2024-07-29,23,24,9041,9042,1,366,366,34,34
v1,rnc,MmCS1tIe01k,仍在线，在v3窗口内,2024-07-30,2024-07-30,25,26,564,564,0,88,88,13,13
v1,rnc,dAcr5YggN2g,仍在线，在v3窗口内,2024-07-30,2024-07-30,15,15,6752,6752,0,176,176,36,36
v1,rnc,3RnKbtm9Tz4,仍在线，在v3窗口内,2024-07-31,2024-07-31,26,27,659,662,3,115,114,8,8
v1,rnc,Q1vFx41kgxo,仍在线，在v3窗口内,2024-07-31,2024-07-31,20,21,461,461,0,53,53,5,5
v1,rnc,nNXY6ju7v_Q,仍在线，在v3窗口内,2024-08-01,2024-08-01,20,20,711,712,1,121,120,8,8
v1,rnc,aKkESx8Qfp0,仍在线，在v3窗口内,2024-08-02,2024-08-02,20,21,803,810,7,120,120,18,18
v1,rnc,WXqFZF73vsc,仍在线，在v3窗口内,2024-08-04,2024-08-04,28,29,831,832,1,100,100,2,2
v1,harris,__4Fj7DrM8Y,仍在线，在v3窗口内,2024-08-06,2024-08-06,39,40,1063868,1063961,93,20611,20597,2200,2268
v1,rnc,PIV6LEa7L_M,仍在线，在v3窗口内,2024-08-06,2024-08-06,17,17,2717,2718,1,93,93,11,11
v1,rnc,YKJbeeRmZ2M,仍在线，在v3窗口内,2024-08-06,2024-08-06,22,22,2592,2592,0,63,63,9,9
v1,rnc,Dj69tvtSNn8,仍在线，在v3窗口内,2024-08-07,2024-08-07,28,28,2194,2198,4,119,119,19,19
v1,rnc,cpLFLOpLZsE,仍在线，在v3窗口内,2024-08-07,2024-08-07,26,27,969,971,2,86,86,6,6
v1,rnc,exe4VycgsBM,仍在线，在v3窗口内,2024-08-07,2024-08-07,29,30,8973,8976,3,174,174,32,32
v1,rnc,A-k90HFEk0Y,仍在线，在v3窗口内,2024-08-08,2024-08-08,15,16,11558,11563,5,711,711,79,79
v1,rnc,DhLx9XCLqbk,仍在线，在v3窗口内,2024-08-08,2024-08-08,22,23,684,686,2,83,83,7,7
v1,rnc,w6PAVDSgK1I,仍在线，在v3窗口内,2024-08-08,2024-08-08,18,18,714,714,0,93,93,11,11
v1,rnc,ZzYODSPTw64,仍在线，在v3窗口内,2024-08-09,2024-08-09,31,31,822,823,1,114,114,16,16
v1,rnc,2xNOfbESr4k,仍在线，在v3窗口内,2024-08-12,2024-08-12,22,22,599,599,0,73,73,10,10
v1,rnc,DLlbM0G4914,仍在线，在v3窗口内,2024-08-13,2024-08-13,24,24,577,577,0,89,89,6,6
v1,rnc,P-bF3COlLS4,仍在线，在v3窗口内,2024-08-14,2024-08-14,20,20,10446,10447,1,678,678,85,85
v1,rnc,ob0O45yeFnc,仍在线，在v3窗口内,2024-08-14,2024-08-14,25,25,529,529,0,61,61,9,9
v1,rnc,lmPFSH81zLQ,仍在线，在v3窗口内,2024-08-15,2024-08-15,20,21,594,598,4,79,79,5,5
v1,rnc,6lXCtni9CaA,仍在线，在v3窗口内,2024-08-16,2024-08-16,18,18,4198,4201,3,232,232,69,69
v1,rnc,POQYWfHk-TU,仍在线，在v3窗口内,2024-08-16,2024-08-16,18,19,1953,1955,2,120,120,21,21
v1,rnc,Wq3hWEgfhfM,仍在线，在v3窗口内,2024-08-18,2024-08-18,37,37,3190,3190,0,184,183,49,49
v1,dnc,iyxa3eCv44U,仍在线，在v3窗口内,2024-08-20,2024-08-20,34,34,11344,12209,865,316,331,98,98
v1,rnc,cqBFQyAiz7s,仍在线，在v3窗口内,2024-08-20,2024-08-20,20,20,573,573,0,88,88,7,7
v1,rnc,rGnHLxw6Tzs,仍在线，在v3窗口内,2024-08-20,2024-08-20,18,19,2935,2938,3,248,248,38,38
v1,rnc,xj5mgER47RI,仍在线，在v3窗口内,2024-08-20,2024-08-20,15,16,629,632,3,81,81,22,22
v1,trump,-U3fvlYkQa4,仍在线，在v3窗口内,2024-08-20,2024-08-20,21,21,302721,303749,1028,30296,30277,4400,4403
v1,rnc,YxEOy5VJ53w,仍在线，在v3窗口内,2024-08-21,2024-08-21,32,33,613,615,2,89,89,9,9
v1,rnc,i3L7qINAQhU,仍在线，在v3窗口内,2024-08-21,2024-08-21,14,15,16639,16656,17,787,786,170,170
v1,rnc,wlGAdczPIdQ,仍在线，在v3窗口内,2024-08-21,2024-08-21,59,59,503,503,0,78,78,8,8
v1,rnc,0lvlT1mM4Es,仍在线，在v3窗口内,2024-08-22,2024-08-22,22,23,1373,1374,1,67,67,12,12
v1,rnc,8-k6GRIj-Jc,仍在线，在v3窗口内,2024-08-22,2024-08-22,20,21,698,704,6,105,105,12,12
v1,rnc,Wtu81nx01bI,仍在线，在v3窗口内,2024-08-22,2024-08-22,35,35,739,740,1,45,45,3,3
v1,rnc,iJ0KxyUgGHY,仍在线，在v3窗口内,2024-08-22,2024-08-22,13,13,3046,3050,4,160,159,19,18
v1,harris,D9Ltln7uqIM,仍在线，在v3窗口内,2024-08-23,2024-08-23,18,18,98250,98410,160,6175,6169,886,885
v1,rnc,44TzM-6nA8o,仍在线，在v3窗口内,2024-08-23,2024-08-23,33,34,747,748,1,78,78,4,4
v1,rnc,po2t2qrV9qk,仍在线，在v3窗口内,2024-08-23,2024-08-23,22,22,3251,3256,5,130,130,39,39
v1,rnc,lsZBq_uNuq8,仍在线，在v3窗口内,2024-08-24,2024-08-24,36,37,594,594,0,79,79,20,20
v1,rnc,pJVz_FEPtP8,仍在线，在v3窗口内,2024-08-25,2024-08-25,22,23,852,852,0,57,57,10,10
v1,rnc,xORWfzjn0N0,仍在线，在v3窗口内,2024-08-26,2024-08-26,45,45,2486,2486,0,88,88,12,12
v1,rnc,6NuyKNfVqQE,仍在线，在v3窗口内,2024-08-27,2024-08-27,25,25,1691,1691,0,89,89,18,18
v1,rnc,alMR7SAoqFk,仍在线，在v3窗口内,2024-08-27,2024-08-27,47,48,4006,4008,2,312,312,32,32
v1,rnc,50Rv4DjQWuI,仍在线，在v3窗口内,2024-08-28,2024-08-28,36,36,553,558,5,74,73,5,5
v1,rnc,8qtmUsxXamI,仍在线，在v3窗口内,2024-08-28,2024-08-28,42,42,562,562,0,96,96,3,3
v1,rnc,G_RDnS62lss,仍在线，在v3窗口内,2024-08-28,2024-08-28,21,21,566,571,5,62,62,16,16
v1,rnc,Lps5-qjFwhg,仍在线，在v3窗口内,2024-08-29,2024-08-29,17,17,7395,7402,7,198,198,49,49
v1,rnc,yepXraPMogo,仍在线，在v3窗口内,2024-08-29,2024-08-29,32,32,1055,1062,7,82,82,10,10
v1,rnc,sszbvR3OcVU,仍在线，在v3窗口内,2024-08-30,2024-08-30,36,37,959,959,0,124,124,6,6
v1,rnc,wzGWJKErkzM,仍在线，在v3窗口内,2024-08-30,2024-08-30,11,12,10335,10342,7,436,436,77,77
v1,harris,m7UhkRsLOE8,仍在线，在v3窗口内,2024-08-31,2024-08-31,56,57,1213006,1213417,411,53437,53415,3600,3630
v1,harris,rfSoN5pKo6U,仍在线，在v3窗口内,2024-08-31,2024-08-31,27,27,1098195,1098487,292,49050,49027,2100,2148
v1,rnc,KtU_8EqWRq8,仍在线，在v3窗口内,2024-09-02,2024-09-02,20,21,355,357,2,41,41,13,13
v1,rnc,9fCrQRaihcs,仍在线，在v3窗口内,2024-09-03,2024-09-03,26,27,232,232,0,20,20,5,5
v1,rnc,CfSwFMsZ0Ew,仍在线，在v3窗口内,2024-09-03,2024-09-03,30,30,420,420,0,45,45,6,6
v1,rnc,OPMDT7ClDMg,仍在线，在v3窗口内,2024-09-03,2024-09-03,19,20,550,550,0,70,70,6,6
v1,rnc,9g2BTupbdrI,仍在线，在v3窗口内,2024-09-04,2024-09-04,50,50,527,527,0,86,86,12,12
v1,rnc,vnWE7lgEIG0,仍在线，在v3窗口内,2024-09-04,2024-09-04,19,20,60391,60435,44,4027,4023,743,741
v1,rnc,yy3iEC8UPug,仍在线，在v3窗口内,2024-09-04,2024-09-04,20,20,698,702,4,118,118,16,16
v1,rnc,Sbjvu-FbWF4,仍在线，在v3窗口内,2024-09-05,2024-09-05,37,37,380,380,0,58,58,4,4
v1,rnc,Md3MUQdFe2I,仍在线，在v3窗口内,2024-09-06,2024-09-06,11,11,4814,4816,2,134,134,13,13
v1,rnc,pIcTo6SjP6U,仍在线，在v3窗口内,2024-09-06,2024-09-06,23,23,4209,4215,6,144,144,39,39
v1,rnc,d9Fcc1u0zd4,仍在线，在v3窗口内,2024-09-07,2024-09-07,36,37,738,739,1,64,64,10,10
v1,trump,6zzBj3n5NQA,仍在线，在v3窗口内,2024-09-09,2024-09-10,11,12,107388,107974,586,6915,6909,383,384
v1,trump,P859UExc21E,仍在线，在v3窗口内,2024-09-09,2024-09-09,9,10,207369,211834,4465,15652,15684,854,855
v1,trump,rpO0XXd-e0Y,仍在线，在v3窗口内,2024-09-09,2024-09-09,29,29,246337,248217,1880,37730,37720,3300,3326
v1,harris,Z95FFJtcAV4,仍在线，在v3窗口内,2024-09-10,2024-09-11,44,45,2566587,2566972,385,68802,68747,4400,4404
v1,rnc,1oGo9xrJ1pg,仍在线，在v3窗口内,2024-09-10,2024-09-10,17,18,290,290,0,24,24,3,3
v1,rnc,RNl4MYmIExA,仍在线，在v3窗口内,2024-09-10,2024-09-10,29,29,4696,4696,0,147,147,31,31
v1,rnc,VSIAcKI1sQg,仍在线，在v3窗口内,2024-09-10,2024-09-10,29,29,352,354,2,57,57,1,1
v1,rnc,_4g6NoHC5UQ,仍在线，在v3窗口内,2024-09-10,2024-09-10,11,12,761,765,4,33,33,3,3
v1,rnc,i-w3zMp4ZSw,仍在线，在v3窗口内,2024-09-10,2024-09-10,18,18,657,659,2,130,130,13,13
v1,rnc,pPW0E7TeywU,仍在线，在v3窗口内,2024-09-10,2024-09-11,20,21,692,692,0,96,96,6,6
v1,rnc,wibcju-ACnI,仍在线，在v3窗口内,2024-09-10,2024-09-10,20,21,323,324,1,36,36,5,5
v1,trump,0XONsN5aEiA,仍在线，在v3窗口内,2024-09-10,2024-09-10,12,12,3804148,3824398,20250,152265,152349,4400,4443
v1,rnc,8SfFG30a9Ks,仍在线，在v3窗口内,2024-09-11,2024-09-11,25,26,3984,4002,18,132,133,35,35
v1,rnc,L8WsI_Jk4mo,仍在线，在v3窗口内,2024-09-11,2024-09-11,19,19,1236,1236,0,114,114,14,14
v1,trump,ssajFm5Yatw,仍在线，在v3窗口内,2024-09-11,2024-09-11,10,10,350887,353218,2331,39895,39870,2600,2678
v1,rnc,5muojQTBW0U,仍在线，在v3窗口内,2024-09-12,2024-09-12,41,41,4147,4164,17,147,147,9,9
v1,rnc,G69D4fqA_EU,仍在线，在v3窗口内,2024-09-12,2024-09-12,18,18,21139,21248,109,1086,1089,215,216
v1,trump,2G_86VcJdU8,仍在线，在v3窗口内,2024-09-12,2024-09-12,20,21,201628,202787,1159,17154,17154,1300,1331
v1,harris,LvffkP1Ziyo,仍在线，在v3窗口内,2024-09-14,2024-09-14,60,61,210719,277719,67000,9901,12253,1300,1568
v1,trump,0XMj56-4RLw,仍在线，在v3窗口内,2024-09-16,2024-09-16,39,40,109405,110240,835,11226,11228,874,873
v1,trump,glhirwyEnq8,仍在线，在v3窗口内,2024-09-16,2024-09-16,30,31,115371,115990,619,11923,11916,1100,1109
v1,rnc,CENybDJ7sgU,仍在线，在v3窗口内,2024-09-17,2024-09-17,44,44,4413,4416,3,90,90,32,32
v1,rnc,vM6KDlkFkaY,仍在线，在v3窗口内,2024-09-17,2024-09-17,44,44,6879,6881,2,165,165,22,22
v1,trump,5-mYb8Rci6s,仍在线，在v3窗口内,2024-09-17,2024-09-17,16,17,116639,117909,1270,12274,12276,766,764
v1,rnc,7NTDxWCxUaM,仍在线，在v3窗口内,2024-09-18,2024-09-18,21,21,3575,3582,7,86,86,35,35
v1,rnc,ehejp8xip3U,仍在线，在v3窗口内,2024-09-18,2024-09-18,40,41,845,859,14,82,82,6,6
v1,trump,4OWhLR1ziVY,仍在线，在v3窗口内,2024-09-18,2024-09-18,5,5,2040154,2265853,225699,45615,47223,4200,4445
v1,trump,LHbYPhOfC7M,仍在线，在v3窗口内,2024-09-18,2024-09-18,15,15,113750,114828,1078,11490,11500,685,689
v1,trump,cKWhceuzlyU,仍在线，在v3窗口内,2024-09-18,2024-09-18,14,14,209493,211268,1775,15210,15210,1300,1390
v1,trump,vjakWhcP2G0,仍在线，在v3窗口内,2024-09-18,2024-09-18,16,16,260160,265818,5658,26168,0,2400,0
v1,dnc,aUyMZG90s9g,仍在线，在v3窗口内,2024-09-19,2024-09-19,13,14,15153,16198,1045,690,695,247,248
v1,rnc,MJLdQe1S-5A,仍在线，在v3窗口内,2024-09-19,2024-09-19,19,19,9945,9971,26,385,385,26,26
v1,trump,N4Br07GoTnM,仍在线，在v3窗口内,2024-09-19,2024-09-19,12,13,218777,223509,4732,19605,19659,1400,1500
v1,harris,fmtT8pvw2uY,仍在线，在v3窗口内,2024-09-20,2024-09-20,55,56,75071,75276,205,3570,3565,544,543
v1,rnc,8n_f7npLCnY,仍在线，在v3窗口内,2024-09-20,2024-09-20,19,19,721,723,2,62,62,5,5
v1,dnc,IJgVHTUXSXo,仍在线，在v3窗口内,2024-09-21,2024-09-21,54,55,38057,38244,187,629,630,97,97
v1,harris,fhLi5nz8B6c,仍在线，在v3窗口内,2024-09-21,2024-09-21,59,59,93266,94290,1024,3696,3696,977,980
v1,rnc,LElje8bhRu8,仍在线，在v3窗口内,2024-09-21,2024-09-21,23,23,10846,10869,23,302,302,72,72
v1,rnc,k-sfHGqLzvY,仍在线，在v3窗口内,2024-09-22,2024-09-22,47,48,6241,6246,5,181,181,61,61
v1,trump,AEJFJsc83es,仍在线，在v3窗口内,2024-09-22,2024-09-22,14,14,291170,293061,1891,11862,11873,825,815
v1,trump,b18bHt7P0u4,仍在线，在v3窗口内,2024-09-22,2024-09-22,12,12,172619,173935,1316,16324,16331,1200,1220
v1,trump,ySS96gwsAJ0,仍在线，在v3窗口内,2024-09-22,2024-09-22,10,10,241211,242347,1136,9117,9116,672,672
v1,dnc,3mwO32zayBQ,仍在线，在v3窗口内,2024-09-23,2024-09-23,42,43,55815,57076,1261,695,704,148,148
v1,rnc,NqN6pyQOQpE,仍在线，在v3窗口内,2024-09-23,2024-09-23,32,32,16149,16160,11,1383,1384,90,90
v1,rnc,a0XstrrD8lA,仍在线，在v3窗口内,2024-09-23,2024-09-23,11,11,6740,6750,10,167,166,35,35
v1,trump,BLfbCeJJwGY,仍在线，在v3窗口内,2024-09-23,2024-09-23,12,13,160735,164614,3879,14596,14645,942,951
v1,trump,C-PwfAJ9LCA,仍在线，在v3窗口内,2024-09-23,2024-09-23,16,16,214456,217794,3338,17748,17788,964,967
v1,trump,NNUTjrTZQv0,仍在线，在v3窗口内,2024-09-23,2024-09-23,39,40,134555,136241,1686,10075,10088,767,771
v1,trump,yUuP9-wBkNA,仍在线，在v3窗口内,2024-09-23,2024-09-23,12,12,1590690,1599148,8458,79688,79740,3500,3554
v1,rnc,Z245QtR1lw4,仍在线，在v3窗口内,2024-09-24,2024-09-24,24,24,634,643,9,104,104,10,10
v1,rnc,Zc63q4E6xwE,仍在线，在v3窗口内,2024-09-24,2024-09-24,20,21,348,350,2,42,42,,0
v1,rnc,LVCn4aRf3hA,仍在线，在v3窗口内,2024-09-25,2024-09-25,19,20,1220,1227,7,60,60,8,8
v1,rnc,U1ef-J2dPWY,仍在线，在v3窗口内,2024-09-25,2024-09-25,23,23,5152,5157,5,351,351,13,13
v1,rnc,YCGdu-dgPPI,仍在线，在v3窗口内,2024-09-25,2024-09-25,16,16,4015,4086,71,153,155,35,35
v1,dnc,f33-xuEDZuE,仍在线，在v3窗口内,2024-09-26,2024-09-26,28,28,3353,3355,2,139,139,33,33
v1,rnc,5tMzdk1b8uU,仍在线，在v3窗口内,2024-09-26,2024-09-26,23,23,23907,23934,27,1297,1298,117,117
v1,rnc,PkJEBTPXRYs,仍在线，在v3窗口内,2024-09-26,2024-09-26,39,40,1415,1419,4,50,50,16,16
v1,trump,ipdLz1wYK1w,仍在线，在v3窗口内,2024-09-26,2024-09-26,60,60,234260,237882,3622,21690,21749,1200,1304
v1,rnc,pm9LqT2h9VI,仍在线，在v3窗口内,2024-09-28,2024-09-28,22,22,652,653,1,131,131,8,8
v1,rnc,qtcVH-khqUA,仍在线，在v3窗口内,2024-09-28,2024-09-28,30,31,686,687,1,104,104,12,12
v1,trump,_wTs_aM7wSA,仍在线，在v3窗口内,2024-09-28,2024-09-28,18,18,251589,256000,4411,24775,24809,1800,1873
v1,trump,wlMnfT1WBFE,仍在线，在v3窗口内,2024-09-29,2024-09-29,21,22,438134,445478,7344,39536,39628,4700,4752
v1,dnc,7jmSVYEkTV0,仍在线，在v3窗口内,2024-09-30,2024-09-30,19,20,3970,3985,15,288,287,84,84
v1,dnc,sshKyGmjqcU,仍在线，在v3窗口内,2024-09-30,2024-09-30,28,29,8245,8248,3,259,257,56,56
v1,trump,4eM-eCzDMAY,仍在线，在v3窗口内,2024-09-30,2024-09-30,56,57,195550,197421,1871,17456,17462,1500,1528
v1,rnc,W5jSQP0oY0U,仍在线，在v3窗口内,2024-10-01,2024-10-01,13,13,690,692,2,108,108,5,5
v1,rnc,bpQHgsQlPfQ,仍在线，在v3窗口内,2024-10-01,2024-10-01,17,17,1298,1299,1,48,48,6,6
v1,rnc,vNchrx5uZd8,仍在线，在v3窗口内,2024-10-01,2024-10-01,43,44,852,855,3,140,140,9,9
v1,rnc,wRn4fgV_SpI,仍在线，在v3窗口内,2024-10-01,2024-10-01,43,44,2331,2337,6,256,257,10,10
v1,rnc,fFjvlcRxcNg,仍在线，在v3窗口内,2024-10-02,2024-10-02,7,7,856,859,3,113,113,3,3
v1,harris,44xtbK9n44M,仍在线，在v3窗口内,2024-10-03,2024-10-03,31,32,57824,57881,57,3464,3457,421,420
v1,harris,C-5RYB6l0z0,仍在线，在v3窗口内,2024-10-03,2024-10-03,7,7,1914955,1915155,200,30690,30670,2700,2749
v1,harris,bugo6K7G0PE,仍在线，在v3窗口内,2024-10-03,2024-10-03,15,15,94622,94864,242,8162,8157,1100,1112
v1,rnc,dPVqzql38AY,仍在线，在v3窗口内,2024-10-03,2024-10-03,40,41,12316,12320,4,695,695,67,67
v1,harris,EWn9wU_FvZE,仍在线，在v3窗口内,2024-10-04,2024-10-04,8,9,74139,74210,71,6549,6541,877,886
v1,harris,MmYw5mQtgYM,仍在线，在v3窗口内,2024-10-04,2024-10-04,48,48,37483,37586,103,2852,2849,282,283
v1,harris,CPK_S88uSKE,仍在线，在v3窗口内,2024-10-06,2024-10-06,59,59,1367591,1368179,588,56633,56596,5400,5476
v1,harris,ENpK4SXH0oY,仍在线，在v3窗口内,2024-10-06,2024-10-06,29,30,39026,39100,74,4438,4434,391,391
v1,harris,Khg_JvrIqLk,仍在线，在v3窗口内,2024-10-06,2024-10-06,57,57,112797,112924,127,9734,9729,611,611
v1,harris,h24J3pasFkM,仍在线，在v3窗口内,2024-10-06,2024-10-06,30,31,598499,598648,149,34823,34797,2300,2336
v1,harris,uxJ_jxbWI4A,仍在线，在v3窗口内,2024-10-06,2024-10-06,9,10,204701,204772,71,10071,10061,757,756
v1,rnc,9wEty1jv2Ks,仍在线，在v3窗口内,2024-10-06,2024-10-06,27,28,3182,3390,208,195,202,52,53
v1,dnc,Jp8jAk-tvjY,仍在线，在v3窗口内,2024-10-07,2024-10-07,29,29,6169,6175,6,233,232,34,33
v1,harris,Fkb4dueln04,仍在线，在v3窗口内,2024-10-07,2024-10-07,40,40,447712,447786,74,16858,16840,2400,2416
v1,harris,kjk0wjit-84,仍在线，在v3窗口内,2024-10-07,2024-10-07,12,13,820517,820682,165,24066,24043,1400,1441
v1,harris,rnkJPjJkZlU,仍在线，在v3窗口内,2024-10-07,2024-10-07,41,41,150257,150321,64,9139,9132,1500,1531
v1,harris,u_7DsDO7znw,仍在线，在v3窗口内,2024-10-07,2024-10-07,56,57,113978,114013,35,15919,15907,865,864
v1,harris,vd-wO4aq8g4,仍在线，在v3窗口内,2024-10-07,2024-10-07,24,24,458420,459139,719,12375,12365,1100,1181
v1,harris,zT2FcHbHNg8,仍在线，在v3窗口内,2024-10-07,2024-10-07,59,60,2346652,2347467,815,143267,143170,5700,5707
v1,rnc,ARl7ORPpXXo,仍在线，在v3窗口内,2024-10-07,2024-10-07,29,30,5545,5548,3,193,193,18,18
v1,rnc,I2lxeDMAJdI,仍在线，在v3窗口内,2024-10-07,2024-10-07,14,14,2178,2277,99,111,112,23,22
v1,dnc,yxgNYet_Vls,仍在线，在v3窗口内,2024-10-08,2024-10-08,9,10,16994,17048,54,398,397,270,269
v1,harris,1xLUmICjvuM,仍在线，在v3窗口内,2024-10-08,2024-10-09,58,59,324223,324731,508,21847,21838,1200,1301
v1,harris,aBDHXnA_1P4,仍在线，在v3窗口内,2024-10-08,2024-10-09,44,45,831567,855368,23801,57011,57387,2800,2932
v1,harris,vUGvzKa1vDg,仍在线，在v3窗口内,2024-10-08,2024-10-08,16,16,650390,650520,130,32925,32905,1600,1692
v1,rnc,T_hQcgmUjZg,仍在线，在v3窗口内,2024-10-08,2024-10-08,48,49,4192,4194,2,158,158,37,37
v1,harris,Puw_CR1M67U,仍在线，在v3窗口内,2024-10-09,2024-10-09,49,50,147133,147187,54,15956,15938,817,816
v1,harris,RlXLpzQiwLY,仍在线，在v3窗口内,2024-10-09,2024-10-09,43,44,227468,229737,2269,12237,12300,1400,1412
v1,rnc,fpYA9DyJ46s,仍在线，在v3窗口内,2024-10-09,2024-10-09,50,50,3705,3712,7,151,149,25,25
v1,dnc,Qcvn12fAQac,仍在线，在v3窗口内,2024-10-10,2024-10-10,41,41,11779,11794,15,394,392,148,148
v1,harris,jlqMAGBscyQ,仍在线，在v3窗口内,2024-10-10,2024-10-10,13,14,72383,72439,56,5145,5142,834,836
v1,harris,F7YmSscKh4M,仍在线，在v3窗口内,2024-10-11,2024-10-11,15,16,181233,181311,78,11961,11949,1000,1054
v1,trump,7U8aZyNAzzM,仍在线，在v3窗口内,2024-10-11,2024-10-11,50,50,340595,346283,5688,29766,29840,2200,2241
v1,harris,Ew0dFsvN-AQ,仍在线，在v3窗口内,2024-10-12,2024-10-12,19,19,190128,190341,213,8043,8039,1200,1259
v1,harris,aFlBzcZ4PkM,仍在线，在v3窗口内,2024-10-12,2024-10-12,41,41,76146,76194,48,6948,6944,505,504
v1,harris,aR44SQY2gLc,仍在线，在v3窗口内,2024-10-12,2024-10-12,29,30,2155566,2155926,360,86311,86245,7300,7298
v1,harris,nIOMSXvGyAQ,仍在线，在v3窗口内,2024-10-12,2024-10-12,55,56,135367,135426,59,10057,10050,1000,1053
v1,rnc,nmz-w6ecHhI,仍在线，在v3窗口内,2024-10-12,2024-10-12,9,9,973,974,1,96,96,29,29
v1,harris,aWfZnzuDzx8,仍在线，在v3窗口内,2024-10-13,2024-10-13,47,48,98097,98249,152,6647,6639,1400,1459
v1,harris,tjXocQqiBrg,仍在线，在v3窗口内,2024-10-13,2024-10-13,57,57,477274,477593,319,25080,25068,2600,2689
v1,harris,PcE1357488Y,仍在线，在v3窗口内,2024-10-14,2024-10-14,46,47,288477,288593,116,29933,29911,1300,1382
v1,harris,eBCP9H3bfes,仍在线，在v3窗口内,2024-10-14,2024-10-14,23,23,170300,170390,90,13547,13536,826,823
v1,rnc,vBi6QJ50YT8,仍在线，在v3窗口内,2024-10-14,2024-10-14,30,30,398,403,5,41,41,1,1
v1,dnc,xW5hMdMTX3c,仍在线，在v3窗口内,2024-10-15,2024-10-15,35,35,4907,4909,2,292,290,99,99
v1,harris,RCUSfwXljig,仍在线，在v3窗口内,2024-10-15,2024-10-15,21,21,90510,90635,125,5946,5943,471,471
v1,harris,UnhhpLbHG8U,仍在线，在v3窗口内,2024-10-15,2024-10-15,47,48,153024,153073,49,11077,11069,1800,1859
v1,harris,uEaRJtsmq1A,仍在线，在v3窗口内,2024-10-15,2024-10-15,19,19,409539,409606,67,20320,20306,873,872
v1,rnc,VfjzIKCFGcU,仍在线，在v3窗口内,2024-10-15,2024-10-15,43,43,5116,5133,17,416,416,63,63
v1,harris,F_h1xOY2U80,仍在线，在v3窗口内,2024-10-16,2024-10-16,9,10,131975,132026,51,6546,6537,538,538
v1,harris,GrB4B3VTrFo,仍在线，在v3窗口内,2024-10-16,2024-10-16,17,17,100843,100938,95,6006,6001,849,837
v1,harris,M2V5o6EDIfE,仍在线，在v3窗口内,2024-10-16,2024-10-16,30,31,145489,145559,70,8812,8808,943,943
v1,harris,syguqyzoddo,仍在线，在v3窗口内,2024-10-16,2024-10-16,40,41,434708,434765,57,32407,32389,943,942
v1,rnc,CmJI20K464U,仍在线，在v3窗口内,2024-10-16,2024-10-16,13,14,906,906,0,106,106,5,5
v1,rnc,DhzON6U5o28,仍在线，在v3窗口内,2024-10-16,2024-10-16,53,54,773,775,2,32,31,1,1
v1,rnc,iLjXu2mASR0,仍在线，在v3窗口内,2024-10-16,2024-10-16,21,22,5948,5949,1,305,305,16,16
v1,rnc,kUWCbJpHC_c,仍在线，在v3窗口内,2024-10-16,2024-10-16,11,12,66077,66126,49,4057,4053,365,363
v1,trump,sLKtb9OlJFA,仍在线，在v3窗口内,2024-10-16,2024-10-16,104,104,112872,115353,2481,11270,11305,1600,1630
v1,harris,9AaFvd22_Mc,仍在线，在v3窗口内,2024-10-17,2024-10-17,30,30,115320,115378,58,13190,13179,691,691
v1,harris,gs6b0kJJPF8,仍在线，在v3窗口内,2024-10-17,2024-10-17,51,51,585313,585575,262,33344,33324,2200,2281
v1,harris,uFyIpbjrSng,仍在线，在v3窗口内,2024-10-17,2024-10-17,60,60,745747,745856,109,29565,29543,1600,1617
v1,harris,uJ5e6YPjrOk,仍在线，在v3窗口内,2024-10-17,2024-10-17,51,51,66187,66831,644,7032,7048,935,924
v1,harris,xzcv8B1ZWhg,仍在线，在v3窗口内,2024-10-17,2024-10-17,14,14,233312,233422,110,11599,11589,457,456
v1,rnc,6RDD0t2dGCw,仍在线，在v3窗口内,2024-10-17,2024-10-17,56,56,692,694,2,65,65,4,4
v1,rnc,AsgtrGdLAd8,仍在线，在v3窗口内,2024-10-17,2024-10-17,161,161,519,520,1,76,75,8,8
v1,rnc,scJajpZtv6c,仍在线，在v3窗口内,2024-10-17,2024-10-17,29,30,5819,5822,3,275,275,16,16
v1,trump,gFXvkvEIb-k,仍在线，在v3窗口内,2024-10-17,2024-10-17,11,12,256822,260236,3414,16799,16809,1800,1845
v1,harris,0EPazcBKgaQ,仍在线，在v3窗口内,2024-10-18,2024-10-18,47,47,547192,547593,401,56086,56050,2300,2336
v1,harris,XfvlP5TeIXE,仍在线，在v3窗口内,2024-10-18,2024-10-18,21,21,60652,60734,82,4740,4734,454,454
v1,harris,n16EAGxXj8E,仍在线，在v3窗口内,2024-10-18,2024-10-18,28,28,591508,591607,99,24060,24044,1900,1930
v1,harris,rFwnKsaPSKg,仍在线，在v3窗口内,2024-10-18,2024-10-18,30,31,265300,265395,95,24473,24461,1500,1545
v1,harris,sBwHwkzXgC8,仍在线，在v3窗口内,2024-10-18,2024-10-18,55,55,158287,158361,74,9108,9101,902,900
v1,harris,wbLDcPa0viw,仍在线，在v3窗口内,2024-10-18,2024-10-18,40,40,52721,52853,132,3724,3722,452,451
v1,rnc,LAqSCbilaC8,仍在线，在v3窗口内,2024-10-18,2024-10-18,27,27,14020,14026,6,698,698,66,66
v1,rnc,jK0lscEZE4I,仍在线，在v3窗口内,2024-10-18,2024-10-18,25,25,13093,13100,7,280,280,37,37
v1,trump,X5eZdvhNvkM,仍在线，在v3窗口内,2024-10-18,2024-10-18,25,25,296607,301078,4471,10761,10808,2300,2295
v1,harris,2HJOuGlKtxk,仍在线，在v3窗口内,2024-10-19,2024-10-19,20,21,963015,963275,260,45857,45820,2400,2454
v1,harris,8_sY8AUCRkg,仍在线，在v3窗口内,2024-10-19,2024-10-19,34,34,202894,203045,151,6859,6853,581,581
v1,harris,EoI-h_XLP9o,仍在线，在v3窗口内,2024-10-19,2024-10-19,38,39,124198,124314,116,5676,5672,461,461
v1,harris,Oj-hv3fvPtw,仍在线，在v3窗口内,2024-10-19,2024-10-19,9,9,387011,387195,184,20258,20238,1400,1482
v1,harris,VXFwHtkUIIo,仍在线，在v3窗口内,2024-10-19,2024-10-19,17,18,65880,66061,181,2105,2100,417,417
v1,harris,epLuvE--qq4,仍在线，在v3窗口内,2024-10-19,2024-10-19,29,30,158314,158422,108,7438,7434,828,823
v1,harris,jUrl9Nwo6Wg,仍在线，在v3窗口内,2024-10-19,2024-10-19,40,40,390186,390578,392,32364,32347,1700,1759
v1,harris,u_knx6fdR1Q,仍在线，在v3窗口内,2024-10-19,2024-10-19,27,27,1014597,1014702,105,54840,54797,3500,3592
v1,harris,2ti0J7j7CtE,仍在线，在v3窗口内,2024-10-20,2024-10-20,56,56,301644,301783,139,26724,26703,955,952
v1,harris,jyVmSLWxG3g,仍在线，在v3窗口内,2024-10-20,2024-10-20,39,40,141100,141253,153,14545,14536,929,925
v1,harris,05GMnOs4qOw,仍在线，在v3窗口内,2024-10-21,2024-10-21,31,31,178341,178398,57,9780,9772,936,932
v1,harris,4U_LdQBpPtY,仍在线，在v3窗口内,2024-10-21,2024-10-21,22,22,98415,98479,64,7294,7293,488,488
v1,harris,6w9xR_T2Mjo,仍在线，在v3窗口内,2024-10-21,2024-10-21,41,42,197191,197287,96,14338,14328,486,486
v1,harris,YZRaO2Mw4i0,仍在线，在v3窗口内,2024-10-21,2024-10-21,25,26,1081030,1081229,199,39343,39315,1400,1416
v1,rnc,D5inLawEBME,仍在线，在v3窗口内,2024-10-21,2024-10-21,50,51,2835,2838,3,178,177,22,22
v1,rnc,bGcpW_0IZEA,仍在线，在v3窗口内,2024-10-21,2024-10-21,27,27,1379,1380,1,111,111,6,6
v1,rnc,kC00Q2ekHdw,仍在线，在v3窗口内,2024-10-21,2024-10-21,14,14,1118,1122,4,100,100,14,14
v1,rnc,lymimkoPej8,仍在线，在v3窗口内,2024-10-21,2024-10-21,64,64,600,601,1,74,74,5,5
v1,rnc,oshaseHJDXk,仍在线，在v3窗口内,2024-10-21,2024-10-21,79,79,2232,2248,16,89,90,19,19
v1,harris,E7PZ1recjLw,仍在线，在v3窗口内,2024-10-22,2024-10-22,19,20,64908,65047,139,3903,3899,454,453
v1,harris,Gyzz3yIq1Jk,仍在线，在v3窗口内,2024-10-22,2024-10-22,56,57,228655,228749,94,17382,17367,812,812
v1,harris,cx_efZ6f1Lo,仍在线，在v3窗口内,2024-10-22,2024-10-22,37,37,128717,128851,134,3475,3472,422,422
v1,harris,lJAzo_88xAY,仍在线，在v3窗口内,2024-10-22,2024-10-22,25,25,54836,54990,154,5297,5295,437,443
v1,rnc,52juuR_V80Y,仍在线，在v3窗口内,2024-10-22,2024-10-22,18,18,3355,3362,7,76,76,23,23
v1,rnc,WRr0P4illaw,仍在线，在v3窗口内,2024-10-22,2024-10-22,68,68,1064,1068,4,120,120,15,15
v1,rnc,jNPiFNNGqxk,仍在线，在v3窗口内,2024-10-22,2024-10-22,11,11,6904,6954,50,219,219,46,46
v1,rnc,wT4V4upLFaQ,仍在线，在v3窗口内,2024-10-22,2024-10-22,30,31,599,601,2,92,92,3,3
v1,rnc,yq6ZFiAXHc0,仍在线，在v3窗口内,2024-10-22,2024-10-22,54,54,844,853,9,77,77,8,8
v1,harris,CFaUd5H9rkM,仍在线，在v3窗口内,2024-10-23,2024-10-23,46,46,222395,223727,1332,10666,10676,986,989
v1,harris,f_y4KpP6MAU,仍在线，在v3窗口内,2024-10-23,2024-10-23,52,53,5357454,5358232,778,151435,151292,3700,3725
v1,harris,igbdO40eRfg,仍在线，在v3窗口内,2024-10-23,2024-10-23,20,20,283439,283740,301,19977,19965,926,926
v1,harris,k2PX39wnPqo,仍在线，在v3窗口内,2024-10-23,2024-10-23,24,24,255252,255335,83,12980,12972,704,704
v1,harris,qKhDYuj0ctE,仍在线，在v3窗口内,2024-10-23,2024-10-23,29,30,235787,235883,96,11395,11387,1300,1389
v1,rnc,FwCtLUuznaU,仍在线，在v3窗口内,2024-10-23,2024-10-23,58,58,1289,1293,4,107,107,1,1
v1,rnc,XQGrXrEcHUA,仍在线，在v3窗口内,2024-10-23,2024-10-23,18,18,853,868,15,84,83,11,11
v1,rnc,ZS4TcvyqEIo,仍在线，在v3窗口内,2024-10-23,2024-10-23,36,37,441,443,2,40,40,6,6
v1,rnc,oQS8525JC48,仍在线，在v3窗口内,2024-10-23,2024-10-23,32,32,967,969,2,110,110,6,6
v1,trump,SbEDOz1_qlo,仍在线，在v3窗口内,2024-10-23,2024-10-23,75,76,125601,130728,5127,12025,12097,1600,1660
v1,harris,1OmY2c_8lGQ,仍在线，在v3窗口内,2024-10-24,2024-10-24,23,23,2129847,2130066,219,34387,34345,1200,1286
v1,harris,LxLcRZ63ahQ,仍在线，在v3窗口内,2024-10-24,2024-10-24,15,16,4576391,4576900,509,135555,135442,4800,4889
v1,harris,gX7qaCG57S4,仍在线，在v3窗口内,2024-10-24,2024-10-24,14,15,50732,50849,117,3657,3656,435,435
v1,harris,tDLHxmAMg9w,仍在线，在v3窗口内,2024-10-24,2024-10-24,29,29,164230,164472,242,7732,7733,880,878
v1,rnc,-N7R7euR9HQ,仍在线，在v3窗口内,2024-10-24,2024-10-24,47,47,417,418,1,33,33,9,9
v1,rnc,AeO5AjXMEK0,仍在线，在v3窗口内,2024-10-24,2024-10-24,62,62,636,643,7,61,61,18,18
v1,rnc,F7lZSIcDv54,仍在线，在v3窗口内,2024-10-24,2024-10-24,48,48,2176,2189,13,130,129,20,20
v1,harris,2p9JyiRNyuo,仍在线，在v3窗口内,2024-10-25,2024-10-25,39,39,737893,738128,235,50944,50911,2100,2137
v1,harris,AV1oK64lYsM,仍在线，在v3窗口内,2024-10-25,2024-10-25,17,17,605386,605535,149,26048,26017,1500,1559
v1,harris,CVUqJWSAF6Q,仍在线，在v3窗口内,2024-10-25,2024-10-25,25,26,73064,73226,162,3742,3740,589,589
v1,harris,H7lfiC5wE2s,仍在线，在v3窗口内,2024-10-25,2024-10-25,22,23,722143,723496,1353,49023,49016,3900,3916
v1,rnc,JpLq1bL9aRE,仍在线，在v3窗口内,2024-10-25,2024-10-25,25,25,5026,5030,4,189,188,41,41
v1,rnc,OB5-OJ6YRBg,仍在线，在v3窗口内,2024-10-25,2024-10-25,105,105,598,599,1,45,45,20,20
v1,harris,0xUHfRjcilA,仍在线，在v3窗口内,2024-10-26,2024-10-26,35,36,650495,650645,150,24256,24238,1300,1311
v1,harris,4o6V4dThDhU,仍在线，在v3窗口内,2024-10-26,2024-10-26,32,32,5022526,5025099,2573,115823,115751,6500,6562
v1,harris,UNm57-MJbVU,仍在线，在v3窗口内,2024-10-26,2024-10-26,11,11,368562,374748,6186,8699,8733,957,962
v1,harris,bGB775oKdaA,仍在线，在v3窗口内,2024-10-26,2024-10-26,33,34,148031,148147,116,8708,8703,608,607
v1,rnc,fJ9E_J2yFsU,仍在线，在v3窗口内,2024-10-26,2024-10-26,32,32,1422,1427,5,54,54,11,11
v1,rnc,wlBSs2NMuGE,仍在线，在v3窗口内,2024-10-26,2024-10-26,34,35,749,751,2,60,60,11,11
v1,harris,AIwjO4UXhm8,仍在线，在v3窗口内,2024-10-27,2024-10-27,6,6,2304232,2304726,494,46787,46755,3900,3897
v1,harris,HujxuTdZTlU,仍在线，在v3窗口内,2024-10-27,2024-10-27,31,32,311250,353521,42271,15944,17243,1700,1850
v1,harris,vD5WHwprKLw,仍在线，在v3窗口内,2024-10-27,2024-10-27,24,25,1620184,1620409,225,54249,54210,2600,2670
v1,rnc,MJm6zClQ0Zw,仍在线，在v3窗口内,2024-10-27,2024-10-27,56,57,1680,1682,2,97,97,27,27
v1,harris,9KhzjmcIcp8,仍在线，在v3窗口内,2024-10-28,2024-10-28,12,13,1392090,1393666,1576,40235,40205,7500,7503
v1,harris,UGQFadGCQtE,仍在线，在v3窗口内,2024-10-28,2024-10-28,60,60,521532,522112,580,30331,30319,989,986
v1,rnc,xPY9ohej4qc,仍在线，在v3窗口内,2024-10-28,2024-10-28,36,36,1708,1712,4,190,192,16,16
v1,harris,1pbckrWQoMc,仍在线，在v3窗口内,2024-10-29,2024-10-29,19,20,399865,400040,175,26137,26112,1600,1621
v1,harris,DLOn-hNcsSA,仍在线，在v3窗口内,2024-10-29,2024-10-29,14,15,1614932,1615235,303,35696,35657,1900,1907
v1,harris,OwdzTItujsw,仍在线，在v3窗口内,2024-10-29,2024-10-29,39,39,397821,397966,145,30472,30451,1400,1474
v1,harris,XZH_QRMW39o,仍在线，在v3窗口内,2024-10-29,2024-10-29,15,16,138573,138717,144,11463,11454,843,829
v1,harris,huHJ4pDgHdE,仍在线，在v3窗口内,2024-10-29,2024-10-29,6,7,322811,323042,231,17839,17826,2000,2050
v1,harris,y6jib-IE2PM,仍在线，在v3窗口内,2024-10-29,2024-10-29,59,59,625754,625930,176,59546,59514,2500,2504
v1,rnc,2X87wz7_9Uk,仍在线，在v3窗口内,2024-10-29,2024-10-29,69,70,412,420,8,37,37,16,16
v1,rnc,lQuKyUvX6Os,仍在线，在v3窗口内,2024-10-29,2024-10-29,35,36,818,821,3,51,51,10,10
v1,harris,0hgi6fhXU88,仍在线，在v3窗口内,2024-10-30,2024-10-30,48,49,199442,199587,145,12369,12363,577,576
v1,harris,ITVhPXsrxrs,仍在线，在v3窗口内,2024-10-30,2024-10-30,13,14,111670,111811,141,7339,7330,635,635
v1,harris,IU9kHyudcEo,仍在线，在v3窗口内,2024-10-30,2024-10-30,16,16,203890,204040,150,9879,9874,825,824
v1,harris,_6gJVRVftxs,仍在线，在v3窗口内,2024-10-30,2024-10-30,47,47,454586,454746,160,32387,32371,957,958
v1,harris,bMrWA7QEHFU,仍在线，在v3窗口内,2024-10-30,2024-10-30,19,20,149110,149251,141,9373,9366,644,644
v1,harris,ra1L5gAWIQc,仍在线，在v3窗口内,2024-10-30,2024-10-30,11,11,56494,56635,141,1842,1840,473,472
v1,harris,s28CVBS6UpY,仍在线，在v3窗口内,2024-10-30,2024-10-30,30,30,231474,232506,1032,28119,28105,1500,1594
v1,harris,ytYwAjX94VM,仍在线，在v3窗口内,2024-10-30,2024-10-30,15,15,143477,143988,511,9605,9607,510,512
v1,rnc,bucyYczLUck,仍在线，在v3窗口内,2024-10-30,2024-10-30,23,23,3347,3359,12,133,133,17,17
v1,harris,LRusncSLrRQ,仍在线，在v3窗口内,2024-10-31,2024-10-31,38,39,182291,182458,167,7585,7580,729,728
v1,harris,abz_yC9TWNg,仍在线，在v3窗口内,2024-10-31,2024-10-31,31,31,569282,569442,160,21614,21598,570,570
v1,harris,f1ZwUQZcC7w,仍在线，在v3窗口内,2024-10-31,2024-10-31,14,15,40225,40351,126,1319,1318,208,206
v1,harris,v8JiVk7HQiU,仍在线，在v3窗口内,2024-10-31,2024-10-31,51,51,935514,935675,161,24634,24607,959,956
v1,rnc,1A4TJ-zWn8w,仍在线，在v3窗口内,2024-10-31,2024-10-31,49,50,1068,1073,5,91,91,9,9
v1,rnc,7lCgLYuaN8E,仍在线，在v3窗口内,2024-10-31,2024-10-31,49,49,712,719,7,58,58,6,4
v1,rnc,Xr-rCTjp3zo,仍在线，在v3窗口内,2024-10-31,2024-10-31,38,38,843,851,8,58,58,7,7
v1,rnc,jp6lt_RT8PE,仍在线，在v3窗口内,2024-10-31,2024-10-31,68,69,873,879,6,69,69,13,13
v1,rnc,rTHGWLnr5qI,仍在线，在v3窗口内,2024-10-31,2024-10-31,8,8,1068,1074,6,42,42,7,7
v1,trump,OQib1elusJI,仍在线，在v3窗口内,2024-10-31,2024-10-31,15,16,368434,379086,10652,18522,18611,2600,2689
v1,harris,VJpOIBSJUjs,仍在线，在v3窗口内,2024-11-01,2024-11-01,58,58,522205,522375,170,23118,23106,959,965
v1,harris,Y07gTu2RCQ8,仍在线，在v3窗口内,2024-11-01,2024-11-01,21,21,695052,695337,285,27141,27118,1700,1740
v1,harris,olyNJ_wKkhI,仍在线，在v3窗口内,2024-11-01,2024-11-01,19,20,2050865,2052609,1744,44519,44491,10000,10663
v1,harris,qolcyOnnjjo,仍在线，在v3窗口内,2024-11-01,2024-11-01,29,29,1465364,1465817,453,45134,45100,3200,3251
v1,rnc,zUj8YILMz00,仍在线，在v3窗口内,2024-11-01,2024-11-01,14,14,864,870,6,66,66,8,8
v1,trump,VVU7pYq3WHw,仍在线，在v3窗口内,2024-11-01,2024-11-02,30,31,655544,679192,23648,22280,22485,5000,5205
v1,harris,1RaeebB0I4k,仍在线，在v3窗口内,2024-11-02,2024-11-03,55,55,1392838,1393410,572,83539,83490,3600,3626
v1,harris,LWtZB0KHmmk,仍在线，在v3窗口内,2024-11-02,2024-11-02,30,30,59455,59661,206,4927,4926,447,443
v1,harris,NJ_RRBoNbho,仍在线，在v3窗口内,2024-11-02,2024-11-02,13,13,78462,78776,314,4302,4301,355,356
v1,harris,VCcIQDWq6NU,仍在线，在v3窗口内,2024-11-02,2024-11-02,44,45,190719,190985,266,9116,9110,940,939
v1,harris,hMPs713j6SY,仍在线，在v3窗口内,2024-11-02,2024-11-02,27,28,166030,167122,1092,11012,11023,1100,1176
v1,rnc,6D8wIYp2D9o,仍在线，在v3窗口内,2024-11-02,2024-11-02,28,29,1182,1198,16,70,70,3,3
v1,rnc,OC1gyoKERDo,仍在线，在v3窗口内,2024-11-02,2024-11-02,19,19,1311,1319,8,90,90,11,11
v1,rnc,xSKdCgIlFT8,仍在线，在v3窗口内,2024-11-02,2024-11-02,12,12,1400,1406,6,53,53,10,10
v1,harris,DWFFYqleELs,仍在线，在v3窗口内,2024-11-03,2024-11-03,32,32,114832,115217,385,5411,5415,536,537
v1,harris,KsqHX9QfUqs,仍在线，在v3窗口内,2024-11-03,2024-11-03,12,13,626773,627156,383,18149,18141,894,892
v1,harris,Q-c8rrkA8t4,仍在线，在v3窗口内,2024-11-03,2024-11-03,12,12,50171,50360,189,3861,3858,329,329
v1,harris,STXweNWI6_U,仍在线，在v3窗口内,2024-11-03,2024-11-03,22,22,26666,26843,177,1900,1900,108,108
v1,harris,ezfUhNNsLW8,仍在线，在v3窗口内,2024-11-03,2024-11-03,13,14,136734,137169,435,4071,4073,589,589
v1,harris,noQ-9Cn8_Ik,仍在线，在v3窗口内,2024-11-03,2024-11-03,35,36,198268,198566,298,9996,9993,1100,1152
v1,harris,xFh-YDKwwRM,仍在线，在v3窗口内,2024-11-03,2024-11-03,15,16,133638,133830,192,7793,7787,660,661
v1,harris,CWKwe--5-Ao,仍在线，在v3窗口内,2024-11-04,2024-11-04,25,25,68727,68904,177,4800,4796,292,292
v1,harris,Ci0cDgewtGc,仍在线，在v3窗口内,2024-11-04,2024-11-04,50,51,216308,216672,364,12389,12383,746,741
v1,harris,Oeck4VnXqrQ,仍在线，在v3窗口内,2024-11-04,2024-11-04,18,18,274774,275067,293,14272,14267,531,530
v1,harris,ScmnbLjVu28,仍在线，在v3窗口内,2024-11-04,2024-11-04,30,30,69020,69246,226,3892,3896,192,192
v1,harris,WrlCB2D-BAg,仍在线，在v3窗口内,2024-11-04,2024-11-04,31,31,35797,36053,256,2275,2284,203,203
v1,harris,aGjq18oaxic,仍在线，在v3窗口内,2024-11-04,2024-11-04,42,43,912928,913245,317,34513,34494,1300,1366
v1,harris,ciWxo1m3bAc,仍在线，在v3窗口内,2024-11-04,2024-11-04,41,41,37872,38177,305,3914,3918,321,321
v1,harris,i4eH7LoQyEU,仍在线，在v3窗口内,2024-11-04,2024-11-04,57,58,173954,174201,247,13161,13161,588,587
v1,harris,o5-JhJLLW60,仍在线，在v3窗口内,2024-11-04,2024-11-04,34,35,460708,461135,427,22917,22904,2300,2360
v1,harris,sM2HPv3hcVk,仍在线，在v3窗口内,2024-11-04,2024-11-04,19,20,484659,485132,473,14890,14878,1700,1708
v1,harris,u8WgMeI7T24,仍在线，在v3窗口内,2024-11-04,2024-11-04,44,44,51233,51519,286,4526,4534,366,366
v1,harris,w3ZjpaBzfJ0,仍在线，在v3窗口内,2024-11-04,2024-11-05,33,33,236129,236395,266,15785,15778,1100,1182
v1,rnc,EDY5P0tOxDk,仍在线，在v3窗口内,2024-11-04,2024-11-04,16,16,1004,1011,7,50,50,2,2
v1,rnc,PupQ_UvtZnc,仍在线，在v3窗口内,2024-11-04,2024-11-04,9,10,5109,5120,11,353,353,50,50
v1,rnc,U0yf5lcUYpw,仍在线，在v3窗口内,2024-11-04,2024-11-04,17,17,3166,3177,11,197,198,18,18
v1,rnc,UJUu6nzej28,仍在线，在v3窗口内,2024-11-04,2024-11-04,48,48,825,851,26,44,44,5,6
v1,harris,1PbRM-7so28,仍在线，在v3窗口内,2024-11-05,2024-11-05,26,27,157837,158330,493,10890,10887,1000,1018
v1,harris,BNlr-DJl6hs,仍在线，在v3窗口内,2024-11-05,2024-11-05,29,29,164240,164638,398,7648,7656,1200,1243
v1,harris,TkiytaymZjQ,仍在线，在v3窗口内,2024-11-05,2024-11-05,24,24,281882,282987,1105,13258,13303,1600,1678
v1,harris,a1mHgxj1Uh8,仍在线，在v3窗口内,2024-11-05,2024-11-05,25,26,373300,373725,425,15814,15804,1600,1634
v1,harris,a2MdElzoGs8,仍在线，在v3窗口内,2024-11-05,2024-11-05,13,14,391541,392831,1290,20301,20305,1300,1329
v1,harris,bIf81eDXwpQ,仍在线，在v3窗口内,2024-11-05,2024-11-05,12,13,765894,766353,459,29235,29222,1600,1681
v1,harris,mViWZGr0WIs,仍在线，在v3窗口内,2024-11-05,2024-11-05,18,19,212801,213334,533,10851,10848,2000,2076
v1,harris,q8aky3hWXik,仍在线，在v3窗口内,2024-11-05,2024-11-05,42,43,173553,174045,492,8726,8741,966,964
v1,harris,sGwIanon8_E,仍在线，在v3窗口内,2024-11-05,2024-11-05,60,60,846321,847261,940,28202,28179,6000,6068
v1,harris,yVJdVda_lCY,仍在线，在v3窗口内,2024-11-05,2024-11-05,47,48,360094,360604,510,17069,17057,1700,1793
v1,harris,zfsNIpBYRdc,仍在线，在v3窗口内,2024-11-05,2024-11-05,55,55,322723,323133,410,15025,15019,1000,1075
v1,rnc,Pj5VOhomV2U,仍在线，在v3窗口内,2024-11-05,2024-11-05,26,26,8892,8904,12,575,576,39,39
