slug,step,target,items,errors,detail,retrieved_at
dnc,index,videos,187,0,https://www.youtube.com/channel/UClkO4MArT2WKWj32YDD_-Ew/videos,2026-10-03T08:39:36+00:00
dnc,index,shorts,1087,0,https://www.youtube.com/channel/UClkO4MArT2WKWj32YDD_-Ew/shorts,2026-10-03T08:39:42+00:00
dnc,index,streams,373,0,https://www.youtube.com/channel/UClkO4MArT2WKWj32YDD_-Ew/streams,2026-10-03T08:40:07+00:00
kamalahq,index,videos,25,0,https://www.youtube.com/channel/UCnniIiQ9zAOjTcnct0xccig/videos,2026-10-03T08:40:19+00:00
kamalahq,index,shorts,213,0,https://www.youtube.com/channel/UCnniIiQ9zAOjTcnct0xccig/shorts,2026-10-03T08:40:20+00:00
kamalahq,index,streams,0,1,https://www.youtube.com/channel/UCnniIiQ9zAOjTcnct0xccig/streams :: ERROR: [youtube:tab] UCnniIiQ9zAOjTcnct0xccig: This channel does not have a streams tab,2026-10-03T08:40:25+00:00
harris,index,videos,385,0,https://www.youtube.com/channel/UC0XBsJpPhOLg0k4x9ZwrWzw/videos,2026-10-03T08:40:27+00:00
harris,index,shorts,213,0,https://www.youtube.com/channel/UC0XBsJpPhOLg0k4x9ZwrWzw/shorts,2026-10-03T08:40:38+00:00
harris,index,streams,219,0,https://www.youtube.com/channel/UC0XBsJpPhOLg0k4x9ZwrWzw/streams,2026-10-03T08:40:44+00:00
rnc,index,videos,1407,0,https://www.youtube.com/channel/UC3o7kbpTUQ5-0WTMIp8sVwA/videos,2026-10-03T08:40:51+00:00
rnc,index,shorts,806,0,https://www.youtube.com/channel/UC3o7kbpTUQ5-0WTMIp8sVwA/shorts,2026-10-03T08:41:32+00:00
rnc,index,streams,99,0,https://www.youtube.com/channel/UC3o7kbpTUQ5-0WTMIp8sVwA/streams,2026-10-03T08:41:50+00:00
teamtrump,index,videos,16,0,https://www.youtube.com/channel/UCbElcfNJQJHYiNoaV8F7E5g/videos,2026-10-03T08:41:54+00:00
teamtrump,index,shorts,7,0,https://www.youtube.com/channel/UCbElcfNJQJHYiNoaV8F7E5g/shorts,2026-10-03T08:41:55+00:00
teamtrump,index,streams,0,1,https://www.youtube.com/channel/UCbElcfNJQJHYiNoaV8F7E5g/streams :: ERROR: [youtube:tab] UCbElcfNJQJHYiNoaV8F7E5g: This channel does not have a streams tab,2026-10-03T08:41:56+00:00
trumpwarroom,index,videos,6420,0,https://www.youtube.com/channel/UCADso8k7tSZT3HpD4ZK3W9Q/videos,2026-10-03T08:41:58+00:00
trumpwarroom,index,shorts,10,0,https://www.youtube.com/channel/UCADso8k7tSZT3HpD4ZK3W9Q/shorts,2026-10-03T08:45:05+00:00
trumpwarroom,index,streams,0,1,https://www.youtube.com/channel/UCADso8k7tSZT3HpD4ZK3W9Q/streams :: ERROR: [youtube:tab] UCADso8k7tSZT3HpD4ZK3W9Q: This channel does not have a streams tab,2026-10-03T08:45:06+00:00
dnc,api_uploads,UUlkO4MArT2WKWj32YDD_-Ew,1648,0,UUlkO4MArT2WKWj32YDD_-Ew,2026-10-03T08:45:27+00:00
dnc,api_videos,window,141,0,141 ids in window,2026-10-03T08:45:52+00:00
kamalahq,api_uploads,UUnniIiQ9zAOjTcnct0xccig,238,0,UUnniIiQ9zAOjTcnct0xccig,2026-10-03T08:45:54+00:00
kamalahq,api_videos,window,27,0,27 ids in window,2026-10-03T08:45:58+00:00
harris,api_uploads,UU0XBsJpPhOLg0k4x9ZwrWzw,818,0,UU0XBsJpPhOLg0k4x9ZwrWzw,2026-10-03T08:45:59+00:00
harris,api_videos,window,365,0,365 ids in window,2026-10-03T08:46:11+00:00
rnc,api_uploads,UU3o7kbpTUQ5-0WTMIp8sVwA,2314,0,UU3o7kbpTUQ5-0WTMIp8sVwA,2026-10-03T08:46:17+00:00
rnc,api_videos,window,294,0,294 ids in window,2026-10-03T08:46:55+00:00
teamtrump,api_uploads,UUbElcfNJQJHYiNoaV8F7E5g,23,0,UUbElcfNJQJHYiNoaV8F7E5g,2026-10-03T08:47:00+00:00
teamtrump,api_videos,window,0,0,0 ids in window,2026-10-03T08:47:01+00:00
trump,index,videos,3888,0,https://www.youtube.com/channel/UCAql2DyGU2un1Ei2nMYsqOA/videos,2026-10-03T08:45:08+00:00
trump,index,shorts,42,0,https://www.youtube.com/channel/UCAql2DyGU2un1Ei2nMYsqOA/shorts,2026-10-03T08:47:01+00:00
trump,index,streams,433,0,https://www.youtube.com/channel/UCAql2DyGU2un1Ei2nMYsqOA/streams,2026-10-03T08:47:02+00:00
trumpwarroom,api_uploads,UUADso8k7tSZT3HpD4ZK3W9Q,6431,0,UUADso8k7tSZT3HpD4ZK3W9Q,2026-10-03T08:47:01+00:00
trumpwarroom,api_videos,window,0,0,0 ids in window,2026-10-03T08:48:50+00:00
trump,api_uploads,UUAql2DyGU2un1Ei2nMYsqOA,4364,0,UUAql2DyGU2un1Ei2nMYsqOA,2026-10-03T08:48:50+00:00
trump,api_videos,window,239,0,239 ids in window,2026-10-03T08:49:57+00:00
