node,camp,platform,handle,platform_id,created,verified,evidence_url,checked_on,role,status,in_scope,handle_2024,active_in_window,window_evidence,followers_now,display_name_now,notes
DNC,民主党,youtube,TheDemocrats,UClkO4MArT2WKWj32YDD_-Ew,2006-07-27,True,https://www.youtube.com/channel/UClkO4MArT2WKWj32YDD_-Ew,2026-09-29,党组织,存在,纳入,@TheDemocrats（未见改名证据）,是,旧稿数据窗口期Shorts 11条，如 iyxa3eCv44U（2024-08-20）,163000,The Democrats,频道名 The Democrats
DNC,民主党,tiktok,democrats,7044304201086321670,2021-12-21,True,https://www.tiktok.com/@democrats ; https://www.tiktok.com/@democrats/video/7406055642676464939,2026-09-29,党组织,存在,纳入,待核（现名@democrats）,是,视频 7406055642676464939（2024-08-22，民主党全国代表大会）现归属该账号,6000000,Democrats,大纲所列@thedemocrats现为无关个人账号（ID 7401714093455377454，简介非党组织）；官方账号为@democrats
DNC,民主党,x,TheDemocrats,14377605,2008-04-13,True:individual,https://x.com/TheDemocrats ; https://x.com/TheDemocrats/status/1833680183540191305,2026-09-29,党组织,存在,纳入,@TheDemocrats,是,帖子 1833680183540191305（2024-09-11）现归属该账号,2418166,Democrats,@DNC为另一账号（ID 722793491059769344，9条帖子），不纳入
DNC,民主党,truthsocial,无,无,无,无,检索未见DNC开设Truth Social账号的报道或主页，见a0_evidence.md,2026-09-29,党组织,未发现官方账号,不纳入（未发现官方账号）,无,否,无,无,无,接口被拦截，无法直接查询；依检索结果判断
Kamala HQ,民主党,youtube,Headquarters,UCnniIiQ9zAOjTcnct0xccig,2024-01-12,False,https://www.youtube.com/channel/UCnniIiQ9zAOjTcnct0xccig,2026-09-29,候选人阵营,存在,纳入,待核（现名@Headquarters）,是,视频 GsXS8WudinM（2024-10-26）、w_yGrsxNprA（2024-09-24）；频道内有2024年1月起的Biden时期内容,1460,Headquarters,据内容判断为Biden-Harris HQ频道改名而来；页面未见认证标记、订阅1千余；按决策1纳入；视频日期取自限流前的yt-dlp输出
Kamala HQ,民主党,tiktok,headquarters,7334124418954200106,2024-02-10,True,https://www.tiktok.com/@headquarters ; https://www.cnn.com/2026/02/05/politics/kamala-hq-account-kamala-harris,2026-09-29,候选人阵营,存在,纳入,@kamalahq（原@bidenhq）,是,视频 7400033789335948575（2024-08-06）、7431356795391692074（2024-10-30）现归属该账号,6000000,Headquarters,2026年2月改名Headquarters；现@kamalahq为无关新账号（ID 7576764299815027743）
Kamala HQ,民主党,x,HQNewsNow,3315264553,2015-08-14,True:individual,https://x.com/HQNewsNow ; https://www.cnn.com/2026/02/05/politics/kamala-hq-account-kamala-harris,2026-09-29,候选人阵营,存在,纳入,@KamalaHQ（原Biden-Harris HQ）,是,帖子 1815212766912803099（2024-07-22）、1834237601659703754（2024-09-12）现归属该账号,1158502,Headquarters,2026年2月改名@headquarters_67，后再改名@HQNewsNow；现@headquarters_67为无关账号
Kamala HQ,民主党,truthsocial,待核（2024年为KamalaHQ）,未取得（Truth Social接口被Cloudflare拦截）,2023-10（据Forbes报道）,未取得（Truth Social接口被Cloudflare拦截）,https://www.newsweek.com/kamala-harris-campaign-account-truth-social-1969556 ; https://www.washingtonexaminer.com/news/campaigns/presidential/3096248/truth-social-welcomes-harris-campaign/,2026-09-29,候选人阵营,存在,纳入,@KamalaHQ（原@BidenHQ，2023年10月开设）,是,Truth Social官方账号2024-07-23发帖欢迎@KamalaHQ；Newsweek报道该账号选举期间每隔几天发帖,未取得（Truth Social接口被Cloudflare拦截）,无,大纲原写无，核验后更正；按决策4纳入A4；现名与ID未取得（接口被拦截）
Kamala Harris,民主党,youtube,kamalaharris,UC0XBsJpPhOLg0k4x9ZwrWzw,2008-08-18,True,https://www.youtube.com/channel/UC0XBsJpPhOLg0k4x9ZwrWzw,2026-09-29,候选人阵营,存在,纳入,@kamalaharris（未见改名证据）,是,旧稿数据窗口期Shorts 156条，如 f6hcPwHIGc0（2024-07-23）,855000,Kamala Harris,无
Kamala Harris,民主党,tiktok,kamalaharris,7394972757619196971,2024-07-23,True,https://www.tiktok.com/@kamalaharris,2026-09-29,候选人阵营,存在,纳入,@kamalaharris,是,视频 7395695233276595487（2024-07-25）、7426486234593217838（2024-10-16）现归属该账号,10000000,Kamala Harris,账号注册于2024-07-23
Kamala Harris,民主党,x,KamalaHarris,30354991,2009-04-11,True:individual,https://x.com/KamalaHarris,2026-09-29,候选人阵营,存在,纳入,@KamalaHarris,是,帖子 1851815659144872236（2024-10-31）现归属该账号,20979744,Kamala Harris,副总统官方账号@VP不纳入
Kamala Harris,民主党,truthsocial,无,无,无,无,检索未见哈里斯个人Truth Social账号，见a0_evidence.md,2026-09-29,候选人阵营,未发现官方账号,不纳入（未发现官方账号）,无,否,无,无,无,接口被拦截，无法直接查询；依检索结果判断
RNC,共和党,youtube,Republicans,UC3o7kbpTUQ5-0WTMIp8sVwA,2006-01-22,True,https://www.youtube.com/channel/UC3o7kbpTUQ5-0WTMIp8sVwA,2026-09-29,党组织,存在,纳入,待核（现名@Republicans）,是,旧稿数据窗口期Shorts 163条，如 qGd4-MKK5_s（2024-07-24）,97500,GOP,频道名 GOP
RNC,共和党,tiktok,gop,7418169760637371435,2026-01-07,True,https://thehill.com/homenews/campaign/5726555-republican-party-tiktok-account/ ; https://www.tiktok.com/@republicans,2026-09-29,党组织,窗口期内无可核实的官方账号,不纳入（窗口期内无可核实的官方账号）,@gop（窗口期内是否发布无法核实）,否（未见窗口期发布）,RNC官方TikTok @Republicans 于2026年2月开设（Fox News、The Hill报道）,364,GOP,@gop账号ID编码的注册时间为2024-09-24，页面createTime为2026-01-07（与@republicans同日），已认证、现存0条视频，窗口期内是否发布过无法核实（待A5）；RNC现官方账号@republicans ID 7592735461091083278 注册于2026-01-07
RNC,共和党,x,Republicans,11134252,2007-12-13,True:individual,https://x.com/Republicans ; https://gop.com/commentary/palm-beach-playbook-may-20-2024/,2026-09-29,党组织,存在,纳入,@GOP（2026年改名@Republicans）,未核实,2024-05-20帖子 1792584647336931731、1792600850860327031 当时链接为x.com/GOP，现归属ID 11134252；窗口期帖子待A3,3460807,Republicans,现@GOP为2026-04-20新注册账号（ID 2046223166461136896），不是2024年的账号；@RNC（ID 529648439）现已无帖子
RNC,共和党,truthsocial,RNC,未取得（Truth Social接口被Cloudflare拦截）,未取得（Truth Social接口被Cloudflare拦截）,未取得（Truth Social接口被Cloudflare拦截）,https://truthsocial.com/@RNC,2026-09-29,党组织,存在,纳入,@RNC（依检索结果）,未核实,待A4,未取得（Truth Social接口被Cloudflare拦截）,无,检索结果显示@RNC主页存在；接口被拦截，ID与创建日期未取得；是否另有@GOP账号未核实
Team Trump,共和党,youtube,teamtrump,UCbElcfNJQJHYiNoaV8F7E5g,2016-07-25,False,https://www.youtube.com/channel/UCbElcfNJQJHYiNoaV8F7E5g,2026-09-29,候选人阵营,存在但窗口期无发布,不纳入（存在但窗口期无发布）,@teamtrump,否,频道最新视频 vST61W4bGm8 发布于2016-11-06，共23条，均为2016年竞选内容,10500,Team Trump,2024年特朗普竞选的YouTube发布走Donald J Trump频道（@DonaldJTrumpforPresident）；视频日期取自限流前的yt-dlp输出
Team Trump,共和党,tiktok,teamtrump,7365161718782395438,2024-05-04,True,https://www.tiktok.com/@teamtrump,2026-09-29,候选人阵营,存在,纳入,@teamtrump,是,视频 7433202628072394030（2024-11-03）现归属该账号,14200000,Team Trump,账号注册于2024-05-04
Team Trump,共和党,x,TeamTrump,729676086632656900,2016-05-09,True:organization,https://x.com/TeamTrump,2026-09-29,候选人阵营,存在,纳入,@TeamTrump,是,帖子 1835314099757916355（2024-09-15）现归属该账号,2594976,Team Trump (Text TRUMP to 88022),竞选War Room账号@TrumpWarRoom按决策3另列为候选人阵营账号
Team Trump,共和党,truthsocial,TeamTrump,未取得（Truth Social接口被Cloudflare拦截）,未取得（Truth Social接口被Cloudflare拦截）,未取得（Truth Social接口被Cloudflare拦截）,https://truthsocial.com/@TeamTrump,2026-09-29,候选人阵营,存在,纳入,@TeamTrump（依检索结果）,未核实,待A4,未取得（Truth Social接口被Cloudflare拦截）,无,检索结果显示主页存在；接口被拦截
Trump War Room,共和党,youtube,trumpwarroom,UCADso8k7tSZT3HpD4ZK3W9Q,2019-06-17,True,https://www.youtube.com/channel/UCADso8k7tSZT3HpD4ZK3W9Q,2026-09-29,候选人阵营,存在,纳入,@trumpwarroom（未见改名证据）,未核实,频道共6431条视频，窗口期发布待A1核实（本环境YouTube限流）,65600,Trump War Room,与X上@TrumpWarRoom同名，已认证
Trump War Room,共和党,tiktok,trumpwarroom,6909827012052108294,2021-01-03,False,https://www.tiktok.com/@trumpwarroom,2026-09-29,候选人阵营,未发现官方账号,不纳入（未发现官方账号）,无,否,无,49,Trump War Room,@trumpwarroom未认证、0条视频、49个粉丝，不是官方账号
Trump War Room,共和党,x,TrumpWarRoom,1108472017144201216,2019-03-20,True:organization,https://x.com/TrumpWarRoom ; https://www.ms.now/the-reidout/reidout-blog/trump-war-room-tweet-racist-rcna166639,2026-09-29,候选人阵营,存在,纳入,@TrumpWarRoom,是,帖子 1826795974851002418（2024-08-23）、1837095668726333685（2024-09-20）现归属该账号,2586862,Trump War Room,MSNBC 2024-08-15报道称其 run by the campaign；现简介为 official War Room account of President Donald J. Trump's political operation
Trump War Room,共和党,truthsocial,无,无,无,无,检索未见Trump War Room的Truth Social账号，见a0_evidence.md,2026-09-29,候选人阵营,未发现官方账号,不纳入（未发现官方账号）,无,否,无,无,无,接口被拦截，无法直接查询；依检索结果判断
Donald J. Trump,共和党,youtube,DonaldJTrumpforPresident,UCAql2DyGU2un1Ei2nMYsqOA,2015-03-16,True,https://www.youtube.com/channel/UCAql2DyGU2un1Ei2nMYsqOA,2026-09-29,候选人阵营,存在,纳入,待核（现名@DonaldJTrumpforPresident）,是,旧稿数据窗口期Shorts 33条，如 -U3fvlYkQa4（2024-08-20）,3960000,Donald J Trump,频道名Donald J Trump，handle显示为竞选频道；按决策2归入候选人阵营，不再区分个人与团队
Donald J. Trump,共和党,tiktok,realdonaldtrump,7372700493900645422,2024-05-24,True,https://www.tiktok.com/@realdonaldtrump,2026-09-29,候选人阵营,存在,纳入,@realdonaldtrump,是,视频 7403175874607975710（2024-08-15）、7427237451954965791（2024-10-18）现归属该账号,17000000,President Donald J Trump,账号注册于2024-05-24，2024-06-01首发
Donald J. Trump,共和党,x,realDonaldTrump,25073877,2009-03-18,True:government,https://x.com/realDonaldTrump ; https://variety.com/2024/digital/news/donald-trump-returns-x-twitter-1236104163/,2026-09-29,候选人阵营,存在,纳入,@realDonaldTrump,是,帖子 1823035759655264697（2024-08-12）现归属该账号；此前约一年未在X发帖,111872541,Donald J. Trump,窗口期内X发帖从8月12日开始
Donald J. Trump,共和党,truthsocial,realDonaldTrump,未取得（Truth Social接口被Cloudflare拦截）,未取得（Truth Social接口被Cloudflare拦截）,未取得（Truth Social接口被Cloudflare拦截）,https://truthsocial.com/@realDonaldTrump,2026-09-29,候选人阵营,存在,纳入,@realDonaldTrump,是,个人发布主阵地，窗口期帖子待A4,未取得（Truth Social接口被Cloudflare拦截）,无,接口被拦截，ID与创建日期未取得
