term,coefficient,robust_se,p_value,ci_low,ci_high,multiplicative_factor
Intercept,12.754814183316599,0.259340086190801,0.0,12.246516954635116,13.263111411998082,346214.63127244083
C(party)[T.Republican],-0.13514632255656367,0.18327899834918132,0.460891112840935,-0.49436655844353505,0.22407391333040771,0.8735880766949254
C(actor_type)[T.party],-3.1037937400291695,0.3087477862426977,8.925247492619216e-24,-3.7089282813713282,-2.498659198687011,0.04487862120608502
C(party)[T.Republican]:C(actor_type)[T.party],-1.731669556806126,0.3559926760713691,1.1483912731621796e-06,-2.429402380666043,-1.0339367329462088,0.17698867052219225
opponent_reference,-0.16470724643088733,0.13023138508279433,0.20596893932503424,-0.41995607084993103,0.0905415779881564,0.8481419643337792
mobilization_signal,0.023025478410529182,0.18845603038743972,0.9027567990520085,-0.3463415538182387,0.39239251063929703,1.0232926110843221
policy_signal,-0.11417641707212073,0.16561985011474045,0.49057882965714916,-0.43878535842193395,0.2104325242776925,0.8921005602303034
personal_signal,0.643703670297518,0.32284741860520055,0.04617036441874611,0.010934357329598354,1.2764729832654376,1.903517842459218
endorsement_signal,0.7082108013963704,0.2534682040340495,0.005204737126952422,0.2114222502635833,1.2049993525291574,2.0303552980247814
duration_seconds,-0.0058547374108752015,0.003051709666596813,0.05504629655646277,-0.011835978448677691,0.0001265036269272879,0.9941623681650339
day_index,-0.00153669766256363,0.0023679238311615524,0.5163615523986065,-0.006177743089774377,0.003104347764647117,0.9984644824527186
