term,coefficient,robust_se,p_value,ci_low,ci_high
Intercept,-2.749633921327031,0.14492767841223292,2.8812838695375275e-80,-3.0336869513780105,-2.4655808912760513
C(party)[T.Republican],0.3557636110846625,0.09521056581969235,0.00018652676168012184,0.16915433113038517,0.5423728910389398
C(actor_type)[T.party],-0.5842263693147972,0.1950118484247116,0.002736804563941964,-0.966442568785816,-0.20201016984377845
C(party)[T.Republican]:C(actor_type)[T.party],0.4841688457641238,0.21738962918027996,0.025934320793794482,0.05809300195825745,0.91024468956999
opponent_reference,-0.06831661971039484,0.06828976720354811,0.3171202526213396,-0.2021621039419737,0.06552886452118402
mobilization_signal,0.0389930459108894,0.08952097554386998,0.6631455422686915,-0.13646484201598674,0.21445093383776553
policy_signal,-0.007698742807334229,0.09379999916313188,0.9345861586144043,-0.19154336291695992,0.17614587730229145
personal_signal,-0.2574381959365001,0.16597014046215508,0.12087496224831477,-0.5827336937513781,0.06785730187837785
endorsement_signal,-0.2595430572827671,0.10767260558460494,0.0159313845765204,-0.47057748635017904,-0.04850862821535515
duration_seconds,0.00557367867969989,0.0013910233495494624,6.152328676105238e-05,0.002847323012928673,0.008300034346471107
day_index,-0.0029052113855953547,0.0014459700483364054,0.04451824707951811,-0.00573926060305835,-7.116216813235921e-05
