account_slug,account,signal,count,n,proportion
dnc,DNC,opponent_reference,4,11,0.36363636363636365
dnc,DNC,attack_signal,3,11,0.2727272727272727
dnc,DNC,own_reference,4,11,0.36363636363636365
dnc,DNC,mobilization_signal,1,11,0.09090909090909091
dnc,DNC,policy_signal,2,11,0.18181818181818182
dnc,DNC,personal_signal,0,11,0.0
dnc,DNC,endorsement_signal,0,11,0.0
dnc,DNC,humor_signal,1,11,0.09090909090909091
dnc,DNC,first_person_signal,1,11,0.09090909090909091
harris,Harris,opponent_reference,33,156,0.21153846153846154
harris,Harris,attack_signal,6,156,0.038461538461538464
harris,Harris,own_reference,11,156,0.07051282051282051
harris,Harris,mobilization_signal,18,156,0.11538461538461539
harris,Harris,policy_signal,12,156,0.07692307692307693
harris,Harris,personal_signal,6,156,0.038461538461538464
harris,Harris,endorsement_signal,17,156,0.10897435897435898
harris,Harris,humor_signal,1,156,0.00641025641025641
harris,Harris,first_person_signal,73,156,0.46794871794871795
rnc,RNC,opponent_reference,98,163,0.6012269938650306
rnc,RNC,attack_signal,58,163,0.3558282208588957
rnc,RNC,own_reference,44,163,0.26993865030674846
rnc,RNC,mobilization_signal,8,163,0.049079754601226995
rnc,RNC,policy_signal,35,163,0.2147239263803681
rnc,RNC,personal_signal,2,163,0.012269938650306749
rnc,RNC,endorsement_signal,4,163,0.024539877300613498
rnc,RNC,humor_signal,1,163,0.006134969325153374
rnc,RNC,first_person_signal,15,163,0.09202453987730061
trump,Trump,opponent_reference,9,33,0.2727272727272727
trump,Trump,attack_signal,5,33,0.15151515151515152
trump,Trump,own_reference,7,33,0.21212121212121213
trump,Trump,mobilization_signal,5,33,0.15151515151515152
trump,Trump,policy_signal,4,33,0.12121212121212122
trump,Trump,personal_signal,3,33,0.09090909090909091
trump,Trump,endorsement_signal,5,33,0.15151515151515152
trump,Trump,humor_signal,1,33,0.030303030303030304
trump,Trump,first_person_signal,3,33,0.09090909090909091
