account_slug,upload_date,video_id,title,view_count,like_count,comment_count,opponent_reference,attack_signal,mobilization_signal,policy_signal,personal_signal,endorsement_signal,source_url
dnc,2024-09-23,3mwO32zayBQ,how to pronounce Kamala Harris,55815,695,148.0,0,0,0,0,0,0,https://www.youtube.com/watch?v=3mwO32zayBQ
dnc,2024-09-21,IJgVHTUXSXo,5 Worst Trump Debate Moments,38057,629,97.0,1,1,0,0,0,0,https://www.youtube.com/watch?v=IJgVHTUXSXo
dnc,2024-10-08,yxgNYet_Vls,No Democrats voted against it,16994,398,270.0,0,0,0,0,0,0,https://www.youtube.com/watch?v=yxgNYet_Vls
dnc,2024-09-19,aUyMZG90s9g,are you gonna vote?,15153,690,247.0,0,0,1,0,0,0,https://www.youtube.com/watch?v=aUyMZG90s9g
dnc,2024-10-10,Qcvn12fAQac,Trump is a fraud.,11779,394,148.0,1,1,0,0,0,0,https://www.youtube.com/watch?v=Qcvn12fAQac
dnc,2024-08-20,iyxa3eCv44U,Secretary Hillary Clinton at the 2024 Democratic National Convention,11344,316,98.0,0,0,0,0,0,0,https://www.youtube.com/watch?v=iyxa3eCv44U
dnc,2024-09-30,sshKyGmjqcU,We have to legalize it,8245,259,56.0,0,0,0,1,0,0,https://www.youtube.com/watch?v=sshKyGmjqcU
dnc,2024-10-07,Jp8jAk-tvjY,JD Vance being JD Vance,6169,233,34.0,1,0,0,0,0,0,https://www.youtube.com/watch?v=Jp8jAk-tvjY
dnc,2024-10-15,xW5hMdMTX3c,What is the Trump campaign hiding?,4907,292,99.0,1,1,0,0,0,0,https://www.youtube.com/watch?v=xW5hMdMTX3c
dnc,2024-09-30,7jmSVYEkTV0,Vice President Kamala Harris is ready to lead on day one,3970,288,84.0,0,0,0,0,0,0,https://www.youtube.com/watch?v=7jmSVYEkTV0
harris,2024-10-23,f_y4KpP6MAU,"President Biden and I are counting on your leadership, Evie.",5357454,151435,3700.0,0,0,0,0,0,0,https://www.youtube.com/watch?v=f_y4KpP6MAU
harris,2024-10-26,4o6V4dThDhU,On the trail with the Boss (and President Obama).,5022526,115823,6500.0,0,0,0,0,0,1,https://www.youtube.com/watch?v=4o6V4dThDhU
harris,2024-10-24,LxLcRZ63ahQ,"Thank you, Georgia.",4576391,135555,4800.0,0,0,0,0,0,0,https://www.youtube.com/watch?v=LxLcRZ63ahQ
harris,2024-09-10,Z95FFJtcAV4,This is so rich. | Harris-Walz 2024,2566587,68802,4400.0,0,0,0,0,0,0,https://www.youtube.com/watch?v=Z95FFJtcAV4
harris,2024-10-07,zT2FcHbHNg8,Nothing compares to moments like these on the campaign trail.,2346652,143267,5700.0,0,0,0,0,0,0,https://www.youtube.com/watch?v=zT2FcHbHNg8
harris,2024-10-27,AIwjO4UXhm8,It's time to make your plan to vote.,2304232,46787,3900.0,0,0,1,0,0,0,https://www.youtube.com/watch?v=AIwjO4UXhm8
harris,2024-10-12,aR44SQY2gLc,Donald Trump spends his time attacking great American cities full of hardworking people,2155566,86311,7300.0,1,0,0,0,0,0,https://www.youtube.com/watch?v=aR44SQY2gLc
harris,2024-10-24,1OmY2c_8lGQ,"Georgia: make your plan to vote today, and encourage your friends and family to do the same.",2129847,34387,1200.0,0,0,1,0,1,0,https://www.youtube.com/watch?v=1OmY2c_8lGQ
harris,2024-11-01,olyNJ_wKkhI,Listen to @JenniferLopez: Your vote is your voice. Let’s get loud.,2050865,44519,10000.0,0,0,1,0,0,1,https://www.youtube.com/watch?v=olyNJ_wKkhI
harris,2024-10-03,C-5RYB6l0z0,President Biden and I will continue to make sure that communities have the support that they need.,1914955,30690,2700.0,0,0,0,0,0,1,https://www.youtube.com/watch?v=C-5RYB6l0z0
rnc,2024-10-16,kUWCbJpHC_c,"""I would never say that about the American people.""",66077,4057,365.0,0,0,0,0,0,0,https://www.youtube.com/watch?v=kUWCbJpHC_c
rnc,2024-09-04,vnWE7lgEIG0,"Kamala has had over 3 years to ""build up the middle class"" and she's failed tremendously",60391,4027,743.0,1,1,0,0,0,0,https://www.youtube.com/watch?v=vnWE7lgEIG0
rnc,2024-09-26,5tMzdk1b8uU,Kamala says the American Dream is dead.,23907,1297,117.0,1,1,0,0,0,0,https://www.youtube.com/watch?v=5tMzdk1b8uU
rnc,2024-09-12,G69D4fqA_EU,Kamala supports mandatory gun confiscation from law-abiding gun owners,21139,1086,215.0,1,0,0,1,0,1,https://www.youtube.com/watch?v=G69D4fqA_EU
rnc,2024-08-21,i3L7qINAQhU,Kamala Harris was the last person in the room.,16639,787,170.0,1,0,0,0,0,0,https://www.youtube.com/watch?v=i3L7qINAQhU
rnc,2024-09-23,NqN6pyQOQpE,We can't take four more years of Kamala.,16149,1383,90.0,1,1,0,0,0,0,https://www.youtube.com/watch?v=NqN6pyQOQpE
rnc,2024-07-29,3wk3QevWIEM,Kamala Harris doesn't respect young voters.,15421,378,59.0,1,1,0,0,0,0,https://www.youtube.com/watch?v=3wk3QevWIEM
rnc,2024-10-18,LAqSCbilaC8,One thing about Harris and Biden: No one knows what they are talking about.,14020,698,66.0,1,1,0,0,0,0,https://www.youtube.com/watch?v=LAqSCbilaC8
rnc,2024-10-18,jK0lscEZE4I,Kamala wouldn't change a thing.,13093,280,37.0,1,0,0,0,0,0,https://www.youtube.com/watch?v=jK0lscEZE4I
rnc,2024-10-03,dPVqzql38AY,Kamala Harris's values have not changed. She will ban fracking.,12316,695,67.0,1,1,0,1,0,0,https://www.youtube.com/watch?v=dPVqzql38AY
trump,2024-09-10,0XONsN5aEiA,THANK YOU Anuel AA!,3804148,152265,4400.0,0,0,0,0,0,1,https://www.youtube.com/watch?v=0XONsN5aEiA
trump,2024-09-18,4OWhLR1ziVY,MAKE AMERICA GREAT AGAIN!,2040154,45615,4200.0,0,0,0,0,0,0,https://www.youtube.com/watch?v=4OWhLR1ziVY
trump,2024-09-23,yUuP9-wBkNA,THANK YOU,1590690,79688,3500.0,0,0,0,0,0,0,https://www.youtube.com/watch?v=yUuP9-wBkNA
trump,2024-11-01,VVU7pYq3WHw,Kamala is for they/them. I am for you.,655544,22280,5000.0,1,0,0,0,0,0,https://www.youtube.com/watch?v=VVU7pYq3WHw
trump,2024-09-29,wlMnfT1WBFE,SAVE OUR ECONOMY - VOTE TRUMP!,438134,39536,4700.0,0,0,1,1,0,0,https://www.youtube.com/watch?v=wlMnfT1WBFE
trump,2024-10-31,OQib1elusJI,Raging,368434,18522,2600.0,0,0,0,0,0,0,https://www.youtube.com/watch?v=OQib1elusJI
trump,2024-09-11,ssajFm5Yatw,This is Safe,350887,39895,2600.0,0,0,0,0,0,0,https://www.youtube.com/watch?v=ssajFm5Yatw
trump,2024-10-11,7U8aZyNAzzM,WHOLESOME MOMENT: President Trump Hears A Crying Baby in the Crowd ❤️,340595,29766,2200.0,0,0,0,0,1,0,https://www.youtube.com/watch?v=7U8aZyNAzzM
trump,2024-08-20,-U3fvlYkQa4,THE FUTURE IS AT STAKE,302721,30296,4400.0,0,0,0,0,0,0,https://www.youtube.com/watch?v=-U3fvlYkQa4
trump,2024-10-18,X5eZdvhNvkM,KAMALA REFUSES TO SAY 1 THING SHE WOULD DO DIFFERENTLY THAN BIDEN!,296607,10761,2300.0,1,1,0,0,0,0,https://www.youtube.com/watch?v=X5eZdvhNvkM
