week_start,account_slug,n
2024-07-22,harris,2
2024-07-22,rnc,9
2024-07-29,rnc,9
2024-08-05,harris,1
2024-08-05,rnc,9
2024-08-12,rnc,8
2024-08-19,dnc,1
2024-08-19,harris,1
2024-08-19,rnc,14
2024-08-19,trump,1
2024-08-26,harris,2
2024-08-26,rnc,10
2024-09-02,rnc,11
2024-09-09,harris,2
2024-09-09,rnc,11
2024-09-09,trump,6
2024-09-16,dnc,2
2024-09-16,harris,2
2024-09-16,rnc,8
2024-09-16,trump,11
2024-09-23,dnc,2
2024-09-23,rnc,11
2024-09-23,trump,7
2024-09-30,dnc,2
2024-09-30,harris,10
2024-09-30,rnc,7
2024-09-30,trump,1
2024-10-07,dnc,3
2024-10-07,harris,19
2024-10-07,rnc,5
2024-10-07,trump,1
2024-10-14,dnc,1
2024-10-14,harris,30
2024-10-14,rnc,11
2024-10-14,trump,3
2024-10-21,harris,28
2024-10-21,rnc,22
2024-10-21,trump,1
2024-10-28,harris,36
2024-10-28,rnc,13
2024-10-28,trump,2
2024-11-04,harris,23
2024-11-04,rnc,5
