term,nb_coef,nb_se,nb_irr,nb_irr_ci_low,nb_irr_ci_high,nb_p,poisson_coef,poisson_p,ols_coef,ols_se,ols_ci_low,ols_ci_high,ols_p,qreg_coef,qreg_p
Intercept,13.696551716030411,0.3046128852033129,887844.3419661084,488708.4783083823,1612960.7128768156,0.0,13.682463132461853,2.861846110604719e-214,12.754814183316604,0.2593400861908004,12.246516954635123,13.263111411998086,0.0,12.816257759691212,4.627588477161474e-137
C(party)[T.Republican],-0.4373118533245158,0.22039684705038765,0.645770014480099,0.4192525752214184,0.9946722721533395,0.04723333144956408,-0.38287336167674857,0.16785076883957806,-0.13514632255655923,0.1832789983491805,-0.494366558443529,0.22407391333041055,0.46089111284094775,-0.15312223752579257,0.5577887922174466
C(actor_type)[T.party],-3.3280397885290793,0.35629525189998124,0.03586333593397558,0.017839045616117728,0.07209908489449184,9.571774811549493e-21,-3.357592480232342,2.2052147042496195e-25,-3.1037937400291815,0.30874778624269794,-3.7089282813713407,-2.4986591986870224,8.925247492616267e-24,-3.219174220920195,7.085657753279199e-14
C(party)[T.Republican]:C(actor_type)[T.party],-1.1103853112548476,0.4120263546916313,0.3294320027591557,0.14690897126163024,0.7387257803925081,0.007040181623135544,-1.0186434208106137,0.01825893004112058,-1.731669556806115,0.3559926760713685,-2.4294023806660308,-1.0339367329461988,1.1483912731623069e-06,-2.027319662974037,3.1355271635343024e-05
opponent_reference,-0.14428352488528814,0.19779286211500602,0.8656422821342575,0.5874580668828107,1.2755575297395438,0.46571555481195304,-0.4988732788672694,0.047561660785563314,-0.16470724643088663,0.1302313850827944,-0.4199560708499305,0.0905415779881572,0.20596893932503646,-0.2397245021633978,0.13844488834554922
mobilization_signal,-0.22597670723370586,0.23305705346939784,0.7977366829433888,0.5052205873846624,1.259615762310561,0.3322360961350227,0.034245954097746514,0.898068227489712,0.023025478410521716,0.18845603038743974,-0.3463415538182462,0.39239251063928965,0.9027567990520399,-0.11546881454270874,0.6499099869484047
policy_signal,-0.3685662485051373,0.19630986707479262,0.6917253823075951,0.4707978276464498,1.0163258546042204,0.060453452547567246,-0.4985535809649858,0.022551610553813772,-0.11417641707212302,0.16561985011474017,-0.43878535842193567,0.21043252427768966,0.4905788296571397,-0.23474373787573555,0.2507579782103256
personal_signal,0.4366337497108885,0.2820470539971473,1.5474892048854423,0.8903253528405732,2.6897165531641227,0.12160103403322653,0.5154076052725118,0.05184047132523708,0.6437036702975232,0.32284741860520166,0.010934357329601352,1.2764729832654451,0.04617036441874512,0.518800698698513,0.2031151899488644
endorsement_signal,0.7479527884648729,0.2736705322295107,2.1126705029860293,1.2356144808261165,3.6122728597378404,0.00627525179215285,0.7884285377123188,0.007929454827258141,0.7082108013963693,0.2534682040340491,0.21142225026358297,1.2049993525291556,0.005204737126952422,0.6749001403387638,0.01421402893699912
duration_seconds,-0.01207721090103323,0.004714731045474967,0.9879954258998255,0.9789077066827313,0.9971675112323408,0.010419404998643508,0.0001812737026969189,0.9793214039430153,-0.005854737410875358,0.003051709666596811,-0.011835978448677842,0.00012650362692712743,0.05504629655645613,-0.006258288878355334,0.12156063768901976
day_index,-0.0021233728645173163,0.0030893153923206994,0.9978788798968773,0.9918550317051743,1.0039393128170706,0.49187607956884916,-0.006305626228951913,0.12320384090515153,-0.0015366976625635497,0.0023679238311615468,-0.006177743089774285,0.0031043477646471858,0.5163615523986274,-0.0015923106559521116,0.5864060920237242
