party,variable,test,party_prop,candidate_prop,risk_diff,rd_ci_low,rd_ci_high,odds_ratio_cmle,or_ci_low,or_ci_high,effect_rb,rb_ci_low,rb_ci_high,median_ratio_cand_over_party,mr_ci_low,mr_ci_high,p_value,p_adjust_bh
Democratic,opponent_reference,Fisher exact,0.36363636363636365,0.21153846153846154,0.1520979020979021,-0.07132912398085253,0.4403044865026343,2.1185518860435826,0.4285508199183071,8.94039361162578,,,,,,,0.2633852259250821,0.37626460846440307
Democratic,attack_signal,Fisher exact,0.2727272727272727,0.038461538461538464,0.23426573426573424,0.05382478838590707,0.5279154744050919,9.10172170228076,1.2500443490549085,53.53759523888388,,,,,,,0.014518608681513974,0.039018536263319484
Democratic,mobilization_signal,Fisher exact,0.09090909090909091,0.11538461538461539,-0.02447552447552448,-0.12003715242232664,0.2649130382910068,0.7677816855063024,0.016747716131798995,6.002457930413875,,,,,,,1.0,1.0
Democratic,policy_signal,Fisher exact,0.18181818181818182,0.07692307692307693,0.1048951048951049,-0.03580210210793247,0.40182767812669623,2.644709602662671,0.250850514189459,15.093795048305482,,,,,,,0.23183653021782175,0.356671584950495
Democratic,personal_signal,Fisher exact,0.0,0.038461538461538464,-0.038461538461538464,-0.0813628891677603,0.2211992080578795,0.0,0.0,13.116900274922283,,,,,,,1.0,1.0
Democratic,endorsement_signal,Fisher exact,0.0,0.10897435897435898,-0.10897435897435898,-0.1675845044958603,0.15290300127162015,0.0,0.0,3.6113669009717695,,,,,,,0.6056604504636327,0.7570755630795409
Democratic,first_person_signal,Fisher exact,0.09090909090909091,0.46794871794871795,-0.377039627039627,-0.4851162080038943,-0.08052860860683236,0.11477830393889217,0.0025852690990367123,0.8413467150524488,,,,,,,0.02385293015838282,0.04865089431069551
Democratic,view_count,Mann-Whitney U,11344.0,224931.5,,,,,,,-0.9825174825174825,-1.0,-0.9487179487179487,19.82823519040903,12.662057196657644,47.17220297534135,5.461326605754206e-08,5.461326605754206e-07
Democratic,like_rate,Mann-Whitney U,0.03344935902878,0.05317250463981035,,,,,,,-0.541958041958042,-0.796037296037296,-0.22258158508158546,1.5896419597774791,1.149536565245363,2.3026006692774246,0.0027279692346059573,0.01091187693842383
Democratic,comment_rate,Mann-Whitney U,0.0098419325976737,0.0043952246835609,,,,,,,0.5944055944055944,0.2202797202797202,0.9032925407925404,0.4465814655751435,0.2547967295688676,0.8176510758631235,0.0010120145142393235,0.0050600725711966174
Republican,opponent_reference,Fisher exact,0.6012269938650306,0.2727272727272727,0.32849972113775794,0.14251498292498138,0.47020886294454106,3.9916961409708547,1.662766895091123,10.411674173480693,,,,,,,0.0009006850864459364,0.0050600725711966174
Republican,attack_signal,Fisher exact,0.3558282208588957,0.15151515151515152,0.20431306934374419,0.03203153877856171,0.31837101921187494,3.07819915594675,1.0921915072956827,10.764280005503865,,,,,,,0.024325447155347756,0.04865089431069551
Republican,mobilization_signal,Fisher exact,0.049079754601226995,0.15151515151515152,-0.10243539691392453,-0.2619354955446178,-0.006357501238322516,0.29154404146872676,0.0772967601842039,1.2175709291129715,,,,,,,0.04703244149370977,0.07838740248951628
Republican,policy_signal,Fisher exact,0.2147239263803681,0.12121212121212122,0.09351180516824689,-0.0685456729690479,0.19415018208057808,1.9764560104148539,0.6316048703049387,8.252517606335442,,,,,,,0.3377929313673476,0.45039057515646347
Republican,personal_signal,Fisher exact,0.012269938650306749,0.09090909090909091,-0.07863915225878416,-0.22372925760793788,-0.011376987385660384,0.12631564806517995,0.010149234884729935,1.1507386080707485,,,,,,,0.034478088014223904,0.06268743275313438
Republican,endorsement_signal,Fisher exact,0.024539877300613498,0.15151515151515152,-0.12697527421453803,-0.28536660156828075,-0.034321139109749044,0.14309348189750265,0.026662407510559368,0.7090975405000984,,,,,,,0.007753733761543829,0.025845779205146097
Republican,first_person_signal,Fisher exact,0.09202453987730061,0.09090909090909091,0.001115448968209698,-0.14798036237793266,0.08163807813654222,1.013444358965529,0.2625694730786554,5.795827364416145,,,,,,,1.0,1.0
Republican,view_count,Mann-Whitney U,1068.0,234260.0,,,,,,,-1.0,-1.0,-1.0,219.34456928838952,145.8252695768364,287.1523178807947,1.4433892070177737e-19,2.8867784140355473e-18
Republican,like_rate,Mann-Whitney U,0.0777251184834123,0.0892661723344413,,,,,,,-0.024725785461981786,-0.2069157836029002,0.1604387432608292,1.1484855099126292,0.9191729058364808,1.4352195641928653,0.8242351270682717,0.9696883847862021
Republican,comment_rate,Mann-Whitney U,0.00858626328566335,0.006567271667281,,,,,,,0.2674897119341564,0.08005050505050514,0.44668911335578,0.7648579421325805,0.6701894574043039,0.914204690732426,0.015607414505327794,0.039018536263319484
