term,fraclogit_coef,fraclogit_se,fraclogit_ci_low,fraclogit_ci_high,fraclogit_p,elogit_ols_coef,elogit_ols_p
Intercept,-2.5391389799419524,0.13069009261964823,-2.795286854612667,-2.282991105271238,4.413752043276823e-84,-2.7496339213270335,2.881283869534162e-80
C(party)[T.Republican],0.30660411836846857,0.07531752779671454,0.15898447648231367,0.45422376025462347,4.6847885842328135e-05,0.3557636110846651,0.00018652676168009666
C(actor_type)[T.party],-0.578267752103886,0.16828227453595862,-0.9080949494308468,-0.24844055477692528,0.0005897256988487297,-0.5842263693147933,0.0027368045639420786
C(party)[T.Republican]:C(actor_type)[T.party],0.5537453064152733,0.1843416364575308,0.19244233810733719,0.9150482747232094,0.0026653595666583534,0.4841688457641203,0.025934320793795033
opponent_reference,-0.03367653961423657,0.06799088778806069,-0.16693623095573967,0.09958315172726655,0.6203815935886474,-0.06831661971039436,0.31712025262134313
mobilization_signal,0.06588644202423538,0.0789128122987712,-0.0887798280001256,0.22055271204859636,0.4037587802610587,0.038993045910890915,0.6631455422686795
policy_signal,-0.02542424397167755,0.09402328638572326,-0.20970649899579033,0.15885801105243522,0.7868496984310761,-0.00769874280733529,0.9345861586143952
personal_signal,-0.22533455942423936,0.13184541748429052,-0.4837468292200963,0.03307771037161761,0.08743586016847617,-0.2574381959365002,0.12087496224831519
endorsement_signal,-0.20811568014651594,0.09712315623703202,-0.3984735684359554,-0.01775779185707646,0.032129011650559466,-0.25954305728276533,0.015931384576521088
duration_seconds,0.005035098227102577,0.0011450925972791197,0.0027907579774720742,0.00727943847673308,1.0970170463224074e-05,0.005573678679699742,6.1523286761081e-05
day_index,-0.0044082090942979876,0.001344004480583357,-0.0070424094713018295,-0.0017740087172941456,0.0010384147770748774,-0.0029052113855952593,0.04451824707952459
