word,count_a,count_b,z,side_a,side_b
kamala,78,7,6.962255313116047,RNC,Harris
harris,42,12,4.126331795816983,RNC,Harris
president,32,13,3.0581999712996177,RNC,Harris
american,17,4,2.7582553614193444,RNC,Harris
has,18,5,2.700018283714026,RNC,Harris
years,10,0,2.5587861897810997,RNC,Harris
border,9,0,2.4268142981993126,RNC,Harris
america,14,4,2.3541429163800878,RNC,Harris
under,9,1,2.2710788617943893,RNC,Harris
liberal,7,0,2.139080154528774,RNC,Harris
can't,8,1,2.1143602155649224,RNC,Harris
walz,12,4,2.0495533259285246,RNC,Harris
will,23,13,2.0149467137482997,RNC,Harris
trump,37,26,1.9892240411149655,RNC,Harris
dangerously,6,0,1.9798629089783442,RNC,Harris
win,0,8,-1.9256204535463146,RNC,Harris
time,0,8,-1.9256204535463146,RNC,Harris
when,0,8,-1.9256204535463146,RNC,Harris
our,4,17,-1.9745201174321374,RNC,Harris
to,27,57,-2.001987082612638,RNC,Harris
me,0,9,-2.0429594576826706,RNC,Harris
who,0,9,-2.0429594576826706,RNC,Harris
on,3,16,-2.0974575129908186,RNC,Harris
of,8,26,-2.0998051041634063,RNC,Harris
my,2,16,-2.332758244413246,RNC,Harris
your,8,29,-2.3825984667904927,RNC,Harris
with,3,19,-2.4106946786073244,RNC,Harris
thank,0,18,-2.8959555481678443,RNC,Harris
you,9,38,-2.9672744348299664,RNC,Harris
donald,1,22,-3.0620745895777612,RNC,Harris
kamala,81,16,6.690693084295954,party_accounts,candidate_accounts
harris,45,13,4.469317203647562,party_accounts,candidate_accounts
president,34,15,3.19807673145017,party_accounts,candidate_accounts
american,17,4,2.882273976206387,party_accounts,candidate_accounts
border,9,0,2.4711105315995705,party_accounts,candidate_accounts
has,18,8,2.2998686730700864,party_accounts,candidate_accounts
years,10,2,2.286419309598545,party_accounts,candidate_accounts
can't,8,1,2.187663055205982,party_accounts,candidate_accounts
liberal,7,0,2.1782267095323156,party_accounts,candidate_accounts
under,9,2,2.119883785625243,party_accounts,candidate_accounts
will,23,14,2.0376929905928796,party_accounts,candidate_accounts
fracking,6,0,2.016142974085623,party_accounts,candidate_accounts
more,6,0,2.016142974085623,party_accounts,candidate_accounts
lying,6,0,2.016142974085623,party_accounts,candidate_accounts
only,6,0,2.016142974085623,party_accounts,candidate_accounts
to,30,63,-1.8660401631604286,party_accounts,candidate_accounts
when,0,8,-1.8797819517326197,party_accounts,candidate_accounts
on,4,17,-1.887743374079439,party_accounts,candidate_accounts
who,0,9,-1.994275340097762,party_accounts,candidate_accounts
me,0,9,-1.994275340097762,party_accounts,candidate_accounts
time,0,9,-1.994275340097762,party_accounts,candidate_accounts
win,0,9,-1.994275340097762,party_accounts,candidate_accounts
our,4,18,-1.997786509144006,party_accounts,candidate_accounts
of,8,27,-2.076791963771187,party_accounts,candidate_accounts
my,2,16,-2.261225938969871,party_accounts,candidate_accounts
your,8,29,-2.261391974586347,party_accounts,candidate_accounts
with,3,20,-2.4240260540352474,party_accounts,candidate_accounts
thank,0,21,-3.0548711110916127,party_accounts,candidate_accounts
you,10,44,-3.119038406063056,party_accounts,candidate_accounts
donald,1,24,-3.133817555164079,party_accounts,candidate_accounts
